{
    "$schema": "http://json-schema.org/draft-07/schema#",
    "$id": "2544684648",
    "x-format-version": "1.21.40",
    "x-minecraft-version": "1.21.120-beta.22",
    "definitions": {
        "379658027": {
            "title": "Reference",
            "type": "string"
        }
    },
    "title": "minecraft:ambient_sounds",
    "type": "object",
    "properties": {
        "addition": {
            "$ref": "#/definitions/379658027"
        },
        "loop": {
            "$ref": "#/definitions/379658027"
        },
        "mood": {
            "$ref": "#/definitions/379658027"
        }
    }
}