{
    "$schema": "http://json-schema.org/draft-07/schema#",
    "$id": "569860384",
    "x-format-version": "1.21.40",
    "x-minecraft-version": "1.21.120-beta.22",
    "definitions": {
        "3915697282": {
            "title": "Color255RGB",
            "oneOf": [
                {
                    "type": "string",
                    "pattern": "^#[a-fA-F0-9]{6}$"
                },
                {
                    "type": "array",
                    "items": {
                        "type": "integer"
                    },
                    "minItems": 3,
                    "maxItems": 3
                }
            ],
            "$metaProperties": {
                "CEREAL_EDITOR_SCHEMA_TAG": "type:color"
            }
        },
        "1894305624": {
            "title": "Grass Color Map",
            "type": "object",
            "properties": {
                "color_map": {
                    "title": "Grass Colormap",
                    "type": "string",
                    "enum": [
                        "grass",
                        "swamp_grass"
                    ]
                }
            },
            "required": [
                "color_map"
            ]
        }
    },
    "title": "minecraft:grass_appearance",
    "type": "object",
    "properties": {
        "color": {
            "oneOf": [
                {
                    "$ref": "#/definitions/3915697282"
                },
                {
                    "$ref": "#/definitions/1894305624"
                }
            ]
        }
    }
}