{
    "$schema": "http://json-schema.org/draft-07/schema#",
    "$id": "2981983560",
    "x-format-version": "1.21.100",
    "x-minecraft-version": "1.21.102",
    "title": "minecraft:camera_offset",
    "type": "object",
    "properties": {
        "entity": {
            "type": "array",
            "items": {
                "type": "number",
                "minimum": -100.0,
                "maximum": 100.0
            },
            "minItems": 3,
            "maxItems": 3
        },
        "view": {
            "type": "array",
            "items": {
                "type": "number",
                "minimum": -100.0,
                "maximum": 100.0
            },
            "minItems": 2,
            "maxItems": 2
        }
    }
}