{
    "$schema": "http://json-schema.org/draft-07/schema#",
    "$id": "3360816904",
    "x-format-version": "1.21.100",
    "x-minecraft-version": "1.21.110-beta.22",
    "definitions": {
        "1347636330": {
            "title": "vec2",
            "oneOf": [
                {
                    "type": "array",
                    "items": {
                        "type": "number"
                    },
                    "minItems": 2,
                    "maxItems": 2
                },
                {
                    "type": "object",
                    "properties": {
                        "x": {
                            "type": "number"
                        },
                        "y": {
                            "type": "number"
                        }
                    }
                }
            ]
        }
    },
    "title": "minecraft:camera_third_person_boom",
    "type": "object",
    "properties": {
        "rotation_space": {
            "title": "rotation_space",
            "type": "string",
            "enum": [
                "local",
                "world"
            ]
        },
        "starting_radius": {
            "type": "number"
        },
        "starting_rot": {
            "$ref": "#/definitions/1347636330"
        }
    }
}