{
    "$schema": "http://json-schema.org/draft-07/schema#",
    "$id": "3762876268",
    "x-format-version": "1.21.70",
    "x-minecraft-version": "1.21.110-beta.22",
    "definitions": {
        "1527331705": {
            "title": "Reference",
            "type": "string"
        }
    },
    "title": "minecraft:atmosphere_identifier",
    "type": "object",
    "properties": {
        "atmosphere_identifier": {
            "$ref": "#/definitions/1527331705"
        }
    },
    "required": [
        "atmosphere_identifier"
    ]
}