{
    "$schema": "http://json-schema.org/draft-07/schema#",
    "$id": "3904986305",
    "x-format-version": "1.21.70",
    "x-minecraft-version": "1.21.102",
    "definitions": {
        "3673881199": {
            "title": "Reference",
            "type": "string"
        }
    },
    "title": "minecraft:color_grading_identifier",
    "type": "object",
    "properties": {
        "color_grading_identifier": {
            "$ref": "#/definitions/3673881199"
        }
    },
    "required": [
        "color_grading_identifier"
    ]
}