{
    "$schema": "http://json-schema.org/draft-07/schema#",
    "$id": "2159667979",
    "x-format-version": "1.21.100",
    "x-minecraft-version": "1.21.120-beta.22",
    "title": "minecraft:behavior.eat_mob",
    "type": "object",
    "properties": {
        "control_flags": {
            "type": "array",
            "items": {
                "title": "Goal's control flags",
                "type": "string",
                "enum": [
                    "move",
                    "look",
                    "jump"
                ]
            }
        },
        "eat_animation_time": {
            "type": "number"
        },
        "eat_mob_sound": {
            "type": "string"
        },
        "loot_table": {
            "type": "string"
        },
        "priority": {
            "type": "integer",
            "minimum": 0.0
        },
        "pull_in_force": {
            "type": "number"
        },
        "reach_mob_distance": {
            "type": "number"
        },
        "run_speed": {
            "type": "number"
        }
    }
}