{
    "$schema": "http://json-schema.org/draft-07/schema#",
    "$id": "2379072710",
    "x-format-version": "1.21.120",
    "x-minecraft-version": "1.21.120-beta.22",
    "definitions": {
        "1088251937": {
            "title": "Filter Group",
            "oneOf": [
                {
                    "$ref": "#/definitions/4150989894"
                },
                {
                    "type": "array",
                    "items": {
                        "$ref": "#/definitions/1088251937"
                    }
                },
                {
                    "type": "object",
                    "properties": {
                        "AND": {
                            "$ref": "#/definitions/1088251937"
                        },
                        "NOT": {
                            "$ref": "#/definitions/1088251937"
                        },
                        "OR": {
                            "$ref": "#/definitions/1088251937"
                        },
                        "all": {
                            "$ref": "#/definitions/1088251937"
                        },
                        "all_of": {
                            "$ref": "#/definitions/1088251937"
                        },
                        "any": {
                            "$ref": "#/definitions/1088251937"
                        },
                        "any_of": {
                            "$ref": "#/definitions/1088251937"
                        },
                        "none_of": {
                            "$ref": "#/definitions/1088251937"
                        }
                    }
                }
            ]
        },
        "4150989894": {
            "title": "Filter Test",
            "type": "object",
            "properties": {
                "domain": {
                    "oneOf": [
                        {
                            "type": "boolean"
                        },
                        {
                            "type": "integer"
                        },
                        {
                            "type": "number"
                        },
                        {
                            "type": "string"
                        }
                    ]
                },
                "operator": {
                    "oneOf": [
                        {
                            "type": "boolean"
                        },
                        {
                            "type": "integer"
                        },
                        {
                            "type": "number"
                        },
                        {
                            "type": "string"
                        }
                    ]
                },
                "subject": {
                    "oneOf": [
                        {
                            "type": "boolean"
                        },
                        {
                            "type": "integer"
                        },
                        {
                            "type": "number"
                        },
                        {
                            "type": "string"
                        }
                    ]
                },
                "test": {
                    "type": "string"
                },
                "value": {
                    "oneOf": [
                        {
                            "type": "boolean"
                        },
                        {
                            "type": "integer"
                        },
                        {
                            "type": "number"
                        },
                        {
                            "type": "string"
                        }
                    ]
                }
            },
            "required": [
                "test"
            ]
        }
    },
    "title": "minecraft:behavior.drink_milk",
    "type": "object",
    "properties": {
        "control_flags": {
            "type": "array",
            "items": {
                "title": "Goal's control flags",
                "type": "string",
                "enum": [
                    "move",
                    "look",
                    "jump"
                ]
            }
        },
        "cooldown_seconds": {
            "type": "number"
        },
        "filters": {
            "$ref": "#/definitions/1088251937"
        },
        "priority": {
            "type": "integer",
            "minimum": 0.0
        }
    }
}