{
    "$schema": "http://json-schema.org/draft-07/schema#",
    "$id": "857819254",
    "x-format-version": "1.21.40",
    "x-minecraft-version": "1.21.120-beta.22",
    "definitions": {
        "517105782": {
            "title": "compound_proxy",
            "oneOf": [
                {
                    "type": "integer"
                },
                {
                    "type": "string"
                },
                {
                    "type": "boolean"
                }
            ]
        },
        "1527037515": {
            "title": "Reference",
            "type": "string"
        },
        "2794205495": {
            "title": "Block Descriptor",
            "oneOf": [
                {
                    "$ref": "#/definitions/2770948419"
                },
                {
                    "type": "string",
                    "minLength": 1
                },
                {
                    "$ref": "#/definitions/2770948419"
                }
            ]
        },
        "2770948419": {
            "title": "BlockDescriptorProxy",
            "type": "object",
            "properties": {
                "name": {
                    "type": "string"
                },
                "states": {
                    "type": "object",
                    "additionalProperties": {
                        "$ref": "#/definitions/517105782"
                    }
                },
                "tags": {
                    "type": "string"
                }
            }
        }
    },
    "title": "minecraft:block_placer",
    "type": "object",
    "properties": {
        "block": {
            "$ref": "#/definitions/1527037515"
        },
        "replace_block_item": {
            "type": "boolean"
        },
        "use_on": {
            "type": "array",
            "items": {
                "$ref": "#/definitions/2794205495"
            }
        }
    },
    "required": [
        "block"
    ]
}