{
    "$schema": "http://json-schema.org/draft-07/schema#",
    "$id": "2298712664",
    "x-format-version": "1.21.100",
    "x-minecraft-version": "1.21.102",
    "definitions": {
        "3076687790": {
            "title": "Block Specifier",
            "oneOf": [
                {
                    "$ref": "#/definitions/1527331705"
                },
                {
                    "type": "object",
                    "properties": {
                        "name": {
                            "$ref": "#/definitions/1527331705"
                        },
                        "states": {
                            "type": "object",
                            "additionalProperties": {
                                "oneOf": [
                                    {
                                        "type": "integer"
                                    },
                                    {
                                        "type": "boolean"
                                    },
                                    {
                                        "type": "string"
                                    }
                                ]
                            }
                        }
                    },
                    "required": [
                        "name"
                    ]
                }
            ]
        },
        "1527331705": {
            "title": "Reference",
            "type": "string"
        }
    },
    "title": "minecraft:capped",
    "type": "object",
    "properties": {
        "beach_material": {
            "$ref": "#/definitions/3076687790"
        },
        "ceiling_materials": {
            "type": "array",
            "items": {
                "$ref": "#/definitions/3076687790"
            },
            "minItems": 1
        },
        "floor_materials": {
            "type": "array",
            "items": {
                "$ref": "#/definitions/3076687790"
            },
            "minItems": 1
        },
        "foundation_material": {
            "$ref": "#/definitions/3076687790"
        },
        "sea_material": {
            "$ref": "#/definitions/3076687790"
        },
        "type": {
            "title": "SurfaceBuilderType",
            "type": "string",
            "const": "minecraft:capped",
            "enum": [
                "minecraft:overworld",
                "minecraft:frozen_ocean",
                "minecraft:mesa",
                "minecraft:swamp",
                "minecraft:capped",
                "minecraft:the_end"
            ]
        }
    },
    "required": [
        "ceiling_materials",
        "floor_materials",
        "foundation_material",
        "sea_material",
        "type"
    ]
}