{
    "$schema": "http://json-schema.org/draft-07/schema#",
    "$id": "1088251937",
    "x-format-version": "1.21.20",
    "x-minecraft-version": "1.21.120-beta.21",
    "definitions": {
        "4150989894": {
            "title": "Filter Test",
            "type": "object",
            "properties": {
                "domain": {
                    "oneOf": [
                        {
                            "type": "boolean"
                        },
                        {
                            "type": "integer"
                        },
                        {
                            "type": "number"
                        },
                        {
                            "type": "string"
                        }
                    ]
                },
                "operator": {
                    "oneOf": [
                        {
                            "type": "boolean"
                        },
                        {
                            "type": "integer"
                        },
                        {
                            "type": "number"
                        },
                        {
                            "type": "string"
                        }
                    ]
                },
                "subject": {
                    "oneOf": [
                        {
                            "type": "boolean"
                        },
                        {
                            "type": "integer"
                        },
                        {
                            "type": "number"
                        },
                        {
                            "type": "string"
                        }
                    ]
                },
                "test": {
                    "type": "string"
                },
                "value": {
                    "oneOf": [
                        {
                            "type": "boolean"
                        },
                        {
                            "type": "integer"
                        },
                        {
                            "type": "number"
                        },
                        {
                            "type": "string"
                        }
                    ]
                }
            },
            "required": [
                "test"
            ]
        }
    },
    "title": "Filter Group",
    "oneOf": [
        {
            "$ref": "#/definitions/4150989894"
        },
        {
            "type": "array",
            "items": {
                "$ref": "1088251937"
            }
        },
        {
            "type": "object",
            "properties": {
                "AND": {
                    "$ref": "1088251937"
                },
                "NOT": {
                    "$ref": "1088251937"
                },
                "OR": {
                    "$ref": "1088251937"
                },
                "all": {
                    "$ref": "1088251937"
                },
                "all_of": {
                    "$ref": "1088251937"
                },
                "any": {
                    "$ref": "1088251937"
                },
                "any_of": {
                    "$ref": "1088251937"
                },
                "none_of": {
                    "$ref": "1088251937"
                }
            }
        }
    ]
}