{
    "$schema": "http://json-schema.org/draft-07/schema#",
    "$id": "3310109924",
    "x-format-version": "1.21.50",
    "x-minecraft-version": "1.21.120-beta.21",
    "definitions": {
        "1679484019": {
            "title": "CameraAimAssistCategoriesDefinition",
            "type": "object",
            "properties": {
                "categories": {
                    "type": "array",
                    "items": {
                        "$ref": "#/definitions/2938198659"
                    }
                }
            },
            "required": [
                "categories"
            ]
        },
        "2938198659": {
            "title": "CameraAimAssistCategoryDefinition",
            "type": "object",
            "properties": {
                "name": {
                    "$ref": "#/definitions/3607524763"
                },
                "priorities": {
                    "$ref": "#/definitions/1765013198"
                }
            },
            "required": [
                "name",
                "priorities"
            ]
        },
        "3607524763": {
            "title": "Identifier",
            "type": "string"
        },
        "1765013198": {
            "title": "CameraAimAssistCategoryPriorities",
            "type": "object",
            "properties": {
                "block_default": {
                    "type": "integer",
                    "minimum": 0.0,
                    "maximum": 100.0
                },
                "blocks": {
                    "type": "object",
                    "additionalProperties": {
                        "type": "object",
                        "properties": {
                            "key": {
                                "$ref": "#/definitions/1527037515"
                            },
                            "value": {
                                "type": "integer"
                            }
                        },
                        "minimum": 0.0,
                        "maximum": 100.0
                    }
                },
                "entities": {
                    "type": "object",
                    "additionalProperties": {
                        "type": "object",
                        "properties": {
                            "key": {
                                "$ref": "#/definitions/1493335182"
                            },
                            "value": {
                                "type": "integer"
                            }
                        },
                        "minimum": 0.0,
                        "maximum": 100.0
                    }
                },
                "entity_default": {
                    "type": "integer",
                    "minimum": 0.0,
                    "maximum": 100.0
                }
            }
        },
        "1527037515": {
            "title": "Reference",
            "type": "string"
        },
        "1493335182": {
            "title": "Reference",
            "type": "string"
        }
    },
    "title": "minecraft:aim_assist_categories",
    "type": "object",
    "properties": {
        "format_version": {
            "type": "string"
        },
        "minecraft:aim_assist_categories": {
            "$ref": "#/definitions/1679484019"
        }
    },
    "required": [
        "format_version",
        "minecraft:aim_assist_categories"
    ]
}