{
    "$schema": "http://json-schema.org/draft-07/schema#",
    "$id": "1382973118",
    "x-format-version": "1.21.20",
    "x-minecraft-version": "1.21.120-beta.22",
    "definitions": {
        "1872243302": {
            "title": "Description",
            "type": "object",
            "properties": {
                "identifier": {
                    "$ref": "#/definitions/3714778797"
                }
            },
            "required": [
                "identifier"
            ]
        },
        "3714778797": {
            "title": "Identifier",
            "type": "string"
        },
        "2726507774": {
            "title": "SinglePoolElement",
            "type": "object",
            "properties": {
                "element_type": {
                    "title": "ElementType",
                    "type": "string",
                    "const": "minecraft:single_pool_element",
                    "enum": [
                        "minecraft:empty_pool_element",
                        "minecraft:single_pool_element"
                    ]
                },
                "location": {
                    "$ref": "#/definitions/1428261416"
                },
                "processors": {
                    "$ref": "#/definitions/1323337012"
                },
                "projection": {
                    "title": "Projection",
                    "type": "string",
                    "enum": [
                        "rigid",
                        "terrain_matching"
                    ]
                }
            },
            "required": [
                "element_type",
                "location"
            ]
        },
        "1755372388": {
            "title": "TemplatePoolElement",
            "type": "object",
            "properties": {
                "element": {
                    "oneOf": [
                        {
                            "$ref": "#/definitions/2360259677"
                        },
                        {
                            "$ref": "#/definitions/2726507774"
                        }
                    ]
                },
                "weight": {
                    "type": "integer",
                    "minimum": 1.0,
                    "maximum": 200.0
                }
            },
            "required": [
                "element"
            ]
        },
        "2360259677": {
            "title": "EmptyPoolElement",
            "type": "object",
            "properties": {
                "element_type": {
                    "title": "ElementType",
                    "type": "string",
                    "const": "minecraft:empty_pool_element",
                    "enum": [
                        "minecraft:empty_pool_element",
                        "minecraft:single_pool_element"
                    ]
                }
            },
            "required": [
                "element_type"
            ]
        },
        "1428261416": {
            "title": "File Reference",
            "type": "string"
        },
        "1323337012": {
            "title": "Reference",
            "type": "string"
        },
        "1356053607": {
            "title": "Reference",
            "type": "string"
        }
    },
    "title": "Used to pair block rules with Structure Templates and to randomly place Structure Templates using a weighted list.",
    "type": "object",
    "properties": {
        "description": {
            "$ref": "#/definitions/1872243302"
        },
        "elements": {
            "type": "array",
            "items": {
                "$ref": "#/definitions/1755372388"
            }
        },
        "fallback": {
            "$ref": "#/definitions/1356053607"
        }
    },
    "required": [
        "description",
        "elements"
    ]
}