{"components":[{"typeId":"minecraft:movement","data":{}},{"typeId":"minecraft:lava_movement","data":{}},{"typeId":"minecraft:health","data":{}},{"typeId":"minecraft:underwater_movement","data":{}},{"typeId":"minecraft:push_through","data":{}},{"typeId":"minecraft:movement.jump","data":{}},{"typeId":"minecraft:breathable","data":{}},{"typeId":"minecraft:navigation.walk","data":{}},{"typeId":"minecraft:leashable","data":{}},{"typeId":"minecraft:type_family","data":{}},{"typeId":"minecraft:movement.basic","data":{}},{"typeId":"minecraft:is_hidden_when_invisible","data":{}},{"typeId":"minecraft:can_climb","data":{}},{"typeId":"minecraft:variant","data":{}},{"typeId":"minecraft:navigation.generic","data":{}},{"typeId":"minecraft:movement.generic","data":{}},{"typeId":"minecraft:is_baby","data":{}},{"typeId":"minecraft:scale","data":{}},{"typeId":"minecraft:healable","data":{}},{"typeId":"minecraft:fire_immune","data":{}},{"typeId":"minecraft:tamemount","data":{}},{"typeId":"minecraft:rideable","data":{}},{"typeId":"minecraft:mark_variant","data":{}},{"typeId":"minecraft:projectile","data":{}},{"typeId":"minecraft:strength","data":{}},{"typeId":"minecraft:skin_id","data":{}},{"typeId":"minecraft:movement.amphibious","data":{}},{"typeId":"minecraft:movement.sway","data":{}},{"typeId":"minecraft:color","data":{}},{"typeId":"minecraft:color2","data":{}},{"typeId":"minecraft:inventory","data":{}},{"typeId":"minecraft:ageable","data":{}},{"typeId":"minecraft:can_power_jump","data":{}},{"typeId":"minecraft:is_tamed","data":{}},{"typeId":"minecraft:navigation.float","data":{}},{"typeId":"minecraft:can_fly","data":{}},{"typeId":"minecraft:flying_speed","data":{}},{"typeId":"minecraft:is_stackable","data":{}},{"typeId":"minecraft:tameable","data":{}},{"typeId":"minecraft:movement.skip","data":{}},{"typeId":"minecraft:navigation.climb","data":{}},{"typeId":"minecraft:movement.hover","data":{}},{"typeId":"minecraft:navigation.hover","data":{}},{"typeId":"minecraft:is_dyeable","data":{}},{"typeId":"minecraft:movement.fly","data":{}},{"typeId":"minecraft:navigation.fly","data":{}},{"typeId":"minecraft:movement.glide","data":{}},{"typeId":"minecraft:npc","data":{}}],"entities":{"editor:ruler_pointer_selected":{"localizationKey":"entity.editor:ruler_pointer_selected.name","components":[0,1,2,3,4]},"minecraft:goat":{"localizationKey":"entity.goat.name","components":[0,5,1,6,2,7,8,9,10,11,3,12]},"editor:ruler_idle":{"localizationKey":"entity.editor:ruler_idle.name","components":[0,1,2,3,4]},"editor:location_pointer_selected":{"localizationKey":"entity.editor:location_pointer_selected.name","components":[0,1,2,3,4]},"minecraft:fox":{"localizationKey":"entity.fox.name","components":[0,5,1,6,2,7,8,9,10,11,3,12,13]},"editor:map_marker":{"localizationKey":"entity.editor:map_marker.name","components":[0,1,2,3]},"editor:location_pointer_idle":{"localizationKey":"entity.editor:location_pointer_idle.name","components":[0,1,2,3,4]},"minecraft:drowned":{"localizationKey":"entity.drowned.name","components":[14,0,5,1,6,2,15,9,3,12,16,17]},"minecraft:sniffer":{"localizationKey":"entity.sniffer.name","components":[0,5,18,1,6,2,7,8,9,10,11,3,12]},"minecraft:wither_skeleton":{"localizationKey":"entity.wither_skeleton.name","components":[0,5,1,6,2,19,7,9,10,11,3,12,17]},"minecraft:horse":{"localizationKey":"entity.horse.name","components":[0,5,20,18,1,6,2,7,8,9,10,11,21,3,22,13]},"minecraft:arrow":{"localizationKey":"entity.arrow.name","components":[23]},"minecraft:llama":{"localizationKey":"entity.llama.name","components":[0,5,20,18,1,6,2,24,7,8,9,10,11,21,3,22,13]},"minecraft:zombie_villager_v2":{"localizationKey":"entity.zombie_villager_v2.name","components":[0,5,1,6,2,7,9,10,11,21,3,12,22,25,13]},"minecraft:zombie_pigman":{"localizationKey":"entity.zombie_pigman.name","components":[0,5,1,6,2,19,7,9,10,11,21,3,12]},"minecraft:zombie":{"localizationKey":"entity.zombie.name","components":[0,5,1,6,2,7,9,10,11,21,3,12]},"minecraft:trader_llama":{"localizationKey":"entity.trader_llama.name","components":[0,5,20,18,1,6,2,24,7,8,9,10,11,21,3,22,13]},"minecraft:turtle":{"localizationKey":"entity.turtle.name","components":[14,0,5,1,6,26,2,9,11,3]},"minecraft:tropicalfish":{"localizationKey":"entity.tropicalfish.name","components":[14,0,27,28,1,6,2,9,11,29,3,22,17,13]},"minecraft:agent":{"localizationKey":"entity.agent.name","components":[0,1,2,19,30,3,17]},"minecraft:stray":{"localizationKey":"entity.stray.name","components":[0,5,1,6,2,7,9,10,11,3,12]},"minecraft:skeleton":{"localizationKey":"entity.skeleton.name","components":[0,5,1,6,2,7,9,10,11,3,12]},"minecraft:zoglin":{"localizationKey":"entity.zoglin.name","components":[0,5,1,6,2,19,7,8,9,10,11,3,12]},"minecraft:cow":{"localizationKey":"entity.cow.name","components":[0,5,1,6,2,7,8,9,10,11,21,3,12]},"minecraft:piglin":{"localizationKey":"entity.piglin.name","components":[0,5,1,6,2,30,7,9,10,11,3,13]},"minecraft:mule":{"localizationKey":"entity.mule.name","components":[0,5,31,18,1,6,2,7,8,9,10,11,3,16]},"minecraft:husk":{"localizationKey":"entity.husk.name","components":[0,5,1,6,2,7,9,10,11,21,3,12,13]},"minecraft:skeleton_horse":{"localizationKey":"entity.skeleton_horse.name","components":[0,5,1,6,2,7,8,9,10,11,32,21,3,33]},"minecraft:hoglin":{"localizationKey":"entity.hoglin.name","components":[0,5,1,6,2,7,8,9,10,11,3,12]},"minecraft:happy_ghast":{"localizationKey":"entity.happy_ghast.name","components":[0,5,1,6,2,8,9,11,34,3,35,36,33]},"minecraft:dolphin":{"localizationKey":"entity.dolphin.name","components":[14,0,5,1,6,2,8,9,11,3,12]},"minecraft:donkey":{"localizationKey":"entity.donkey.name","components":[0,5,20,18,1,6,2,7,8,9,10,11,21,3]},"minecraft:bogged":{"localizationKey":"entity.bogged.name","components":[0,5,1,6,2,7,9,10,11,3,12]},"minecraft:ender_dragon":{"localizationKey":"entity.ender_dragon.name","components":[0,1,2,19,9,11,3,36]},"minecraft:glow_squid":{"localizationKey":"entity.glow_squid.name","components":[0,5,1,6,2,7,8,9,10,11,3,12]},"minecraft:camel":{"localizationKey":"entity.camel.name","components":[0,5,18,1,6,2,30,7,8,9,10,11,21,3,12,33]},"minecraft:copper_golem":{"localizationKey":"entity.copper_golem.name","components":[0,5,1,2,7,8,9,10,11,3,12]},"minecraft:boat":{"localizationKey":"entity.boat.name","components":[8,9,21,37]},"minecraft:chest_boat":{"localizationKey":"entity.chest_boat.name","components":[30,8,9,21,37]},"minecraft:panda":{"localizationKey":"entity.panda.name","components":[0,5,1,6,2,30,7,9,10,11,21,3,12,17,13]},"minecraft:wolf":{"localizationKey":"entity.wolf.name","components":[0,5,18,1,6,38,2,7,8,9,10,11,21,3,12,13]},"minecraft:rabbit":{"localizationKey":"entity.rabbit.name","components":[0,1,6,2,7,8,9,11,39,3,12,17,13]},"minecraft:squid":{"localizationKey":"entity.squid.name","components":[0,5,1,6,2,7,8,9,10,11,3,12]},"minecraft:spider":{"localizationKey":"entity.spider.name","components":[0,5,1,6,2,9,10,11,40,21,3,12]},"minecraft:enderman":{"localizationKey":"entity.enderman.name","components":[0,5,1,6,2,7,9,10,11,3,12]},"minecraft:cave_spider":{"localizationKey":"entity.cave_spider.name","components":[0,5,1,6,2,9,10,11,40,21,3,12]},"minecraft:allay":{"localizationKey":"entity.allay.name","components":[0,5,1,6,2,30,8,9,11,41,42,3,35,36]},"minecraft:mooshroom":{"localizationKey":"entity.mooshroom.name","components":[0,5,1,6,2,7,8,9,10,11,21,3,12,22,13]},"minecraft:zombie_horse":{"localizationKey":"entity.zombie_horse.name","components":[0,5,1,6,2,7,8,9,10,11,21,3,33]},"minecraft:strider":{"localizationKey":"entity.strider.name","components":[0,5,31,1,2,19,7,8,9,10,11,3,16,17]},"minecraft:snow_golem":{"localizationKey":"entity.snow_golem.name","components":[0,5,1,6,2,7,8,9,10,11,3,12]},"minecraft:sheep":{"localizationKey":"entity.sheep.name","components":[0,5,28,1,6,2,7,8,9,10,11,21,3,12,43]},"minecraft:ravager":{"localizationKey":"entity.ravager.name","components":[0,5,1,6,2,7,9,10,11,21,3]},"minecraft:polar_bear":{"localizationKey":"entity.polar_bear.name","components":[0,5,1,6,2,7,8,9,10,11,3,12]},"minecraft:chicken":{"localizationKey":"entity.chicken.name","components":[0,5,1,6,2,7,8,9,10,11,21,3,12]},"minecraft:pig":{"localizationKey":"entity.pig.name","components":[0,5,1,6,2,7,8,9,10,11,21,3,12]},"minecraft:parrot":{"localizationKey":"entity.parrot.name","components":[0,5,18,1,6,38,2,8,9,44,11,45,3,35,13]},"minecraft:ocelot":{"localizationKey":"entity.ocelot.name","components":[0,5,31,1,6,2,7,8,9,10,11,21,3,12,16,17]},"minecraft:blaze":{"localizationKey":"entity.blaze.name","components":[0,5,1,2,19,7,9,10,11,3,12]},"minecraft:iron_golem":{"localizationKey":"entity.iron_golem.name","components":[0,5,1,2,7,8,9,10,11,3,12]},"minecraft:ghast":{"localizationKey":"entity.ghast.name","components":[0,5,1,6,2,19,9,11,34,3,35]},"minecraft:frog":{"localizationKey":"entity.frog.name","components":[14,0,5,1,6,26,2,8,9,11,3,13]},"minecraft:bee":{"localizationKey":"entity.bee.name","components":[0,5,1,6,2,8,9,11,41,42,3,35,36]},"minecraft:cat":{"localizationKey":"entity.cat.name","components":[0,5,18,1,6,38,2,7,8,9,10,11,21,3,12,17,13]},"minecraft:axolotl":{"localizationKey":"entity.axolotl.name","components":[14,0,5,1,6,26,2,8,9,11,3,13]},"minecraft:armadillo":{"localizationKey":"entity.armadillo.name","components":[0,5,1,6,2,7,8,9,10,11,3,12]},"minecraft:tadpole":{"localizationKey":"entity.tadpole.name","components":[14,0,27,31,1,6,2,9,11,3,16]},"minecraft:shulker":{"localizationKey":"entity.shulker.name","components":[0,1,6,2,19,7,9,10,11,3,13]},"minecraft:salmon":{"localizationKey":"entity.salmon.name","components":[14,0,27,1,6,2,9,11,3,17]},"minecraft:creeper":{"localizationKey":"entity.creeper.name","components":[0,5,1,6,2,7,9,10,11,3,12]},"minecraft:pufferfish":{"localizationKey":"entity.pufferfish.name","components":[14,0,27,1,6,2,9,11,3,17,13]},"minecraft:minecart":{"localizationKey":"entity.minecart.name","components":[9,21,37]},"minecraft:guardian":{"localizationKey":"entity.guardian.name","components":[14,0,27,5,1,6,2,9,11,3]},"minecraft:wither":{"localizationKey":"entity.wither.name","components":[0,5,1,6,2,19,7,9,10,11,3,12,35]},"minecraft:cod":{"localizationKey":"entity.cod.name","components":[14,0,27,1,6,2,9,11,3,17]},"minecraft:elder_guardian":{"localizationKey":"entity.elder_guardian.name","components":[14,0,27,5,1,6,2,9,11,3]},"minecraft:egg":{"localizationKey":"entity.egg.name","components":[23]},"minecraft:phantom":{"localizationKey":"entity.phantom.name","components":[0,1,6,2,9,46,11,3]},"minecraft:creaking":{"localizationKey":"entity.creaking.name","components":[0,5,1,2,7,9,10,11,3,12]},"minecraft:vindicator":{"localizationKey":"entity.vindicator.name","components":[0,5,1,6,2,7,9,10,11,3,13]},"minecraft:vex":{"localizationKey":"entity.vex.name","components":[0,5,1,2,19,7,9,10,11,3,12]},"minecraft:silverfish":{"localizationKey":"entity.silverfish.name","components":[0,5,1,6,2,7,9,10,11,3,12]},"minecraft:ender_crystal":{"localizationKey":"entity.ender_crystal.name","components":[19]},"minecraft:pillager":{"localizationKey":"entity.pillager.name","components":[0,5,1,6,2,7,9,10,11,3,13]},"minecraft:slime":{"localizationKey":"entity.slime.name","components":[0,5,1,6,2,7,9,11,3,12,13]},"minecraft:evocation_illager":{"localizationKey":"entity.evocation_illager.name","components":[0,5,1,6,2,7,9,10,11,3,12]},"minecraft:wind_charge_projectile":{"localizationKey":"entity.wind_charge_projectile.name","components":[9,23]},"minecraft:villager_v2":{"localizationKey":"entity.villager_v2.name","components":[0,5,1,6,2,30,7,9,10,11,3,12,22,25,13]},"minecraft:breeze":{"localizationKey":"entity.breeze.name","components":[0,5,1,6,2,7,9,10,11,3,12]},"minecraft:wandering_trader":{"localizationKey":"entity.wandering_trader.name","components":[0,5,1,6,2,7,9,10,11,3,12]},"minecraft:villager":{"localizationKey":"entity.villager.name","components":[0,5,1,6,2,30,7,9,10,11,3,12,13]},"minecraft:zombie_villager":{"localizationKey":"entity.zombie_villager.name","components":[0,5,1,6,2,7,9,10,11,21,3,12,13]},"minecraft:witch":{"localizationKey":"entity.witch.name","components":[0,5,1,6,2,7,9,10,11,3,12]},"minecraft:warden":{"localizationKey":"entity.warden.name","components":[0,5,1,6,2,19,7,9,10,11,3,12]},"minecraft:piglin_brute":{"localizationKey":"entity.piglin_brute.name","components":[0,5,1,6,2,7,9,10,11,3,13]},"minecraft:npc":{"localizationKey":"entity.npc.name","components":[0,1,2,19,9,47,3]},"minecraft:magma_cube":{"localizationKey":"entity.magma_cube.name","components":[0,5,1,6,2,19,7,9,11,3,12,13]},"minecraft:endermite":{"localizationKey":"entity.endermite.name","components":[0,5,1,6,2,7,9,10,11,3,12]},"minecraft:bat":{"localizationKey":"entity.bat.name","components":[0,5,1,6,2,9,10,11,34,3,35]},"minecraft:xp_orb":{"localizationKey":"entity.xp_orb.name","components":[9]},"minecraft:xp_bottle":{"localizationKey":"entity.xp_bottle.name","components":[23]},"minecraft:tnt":{"localizationKey":"entity.tnt.name","components":[9]},"minecraft:splash_potion":{"localizationKey":"entity.splash_potion.name","components":[23]},"minecraft:snowball":{"localizationKey":"entity.snowball.name","components":[23]},"minecraft:armor_stand":{"localizationKey":"entity.armor_stand.name","components":[0,1,2,9,3]},"minecraft:lightning_bolt":{"localizationKey":"entity.lightning_bolt.name","components":[9]},"minecraft:tnt_minecart":{"localizationKey":"entity.tnt_minecart.name","components":[9,37]},"minecraft:hopper_minecart":{"localizationKey":"entity.hopper_minecart.name","components":[30,9,37]},"minecraft:fireworks_rocket":{"localizationKey":"entity.fireworks_rocket.name","components":[]},"minecraft:command_block_minecart":{"localizationKey":"entity.command_block_minecart.name","components":[30,9]},"minecraft:chest_minecart":{"localizationKey":"entity.chest_minecart.name","components":[30,9,37]}}}