{
    "$schema": "http://json-schema.org/draft-07/schema#",
    "$id": "716969038",
    "x-format-version": "1.21.80",
    "x-minecraft-version": "1.21.120-beta.22",
    "definitions": {
        "1493629372": {
            "title": "Reference",
            "type": "string"
        }
    },
    "title": "Biome Replacement",
    "type": "object",
    "properties": {
        "amount": {
            "type": "number",
            "exclusiveMinimum": 0.0,
            "maximum": 1.0
        },
        "dimension": {
            "type": "string"
        },
        "noise_frequency_scale": {
            "type": "number",
            "exclusiveMinimum": 0.0,
            "maximum": 100.0
        },
        "targets": {
            "type": "array",
            "items": {
                "$ref": "#/definitions/1493629372"
            },
            "minItems": 1
        }
    },
    "required": [
        "amount",
        "dimension",
        "noise_frequency_scale",
        "targets"
    ]
}