{
    "$schema": "http://json-schema.org/draft-07/schema#",
    "$id": "4231633335",
    "x-format-version": "1.21.100",
    "x-minecraft-version": "1.21.110-beta.22",
    "definitions": {
        "1057349585": {
            "title": "FloatRange",
            "type": "object",
            "properties": {
                "max": {
                    "type": "number"
                },
                "min": {
                    "type": "number"
                }
            }
        }
    },
    "title": "minecraft:behavior.circle_around_anchor",
    "type": "object",
    "properties": {
        "angle_change": {
            "type": "number"
        },
        "control_flags": {
            "type": "array",
            "items": {
                "title": "Goal's control flags",
                "type": "string",
                "enum": [
                    "move",
                    "look",
                    "jump"
                ]
            }
        },
        "goal_radius": {
            "type": "number"
        },
        "height_above_target_range": {
            "$ref": "#/definitions/1057349585"
        },
        "height_adjustment_chance": {
            "type": "number"
        },
        "height_offset_range": {
            "$ref": "#/definitions/1057349585"
        },
        "priority": {
            "type": "integer",
            "minimum": 0.0
        },
        "radius_adjustment_chance": {
            "type": "number"
        },
        "radius_change": {
            "type": "number"
        },
        "radius_range": {
            "$ref": "#/definitions/1057349585"
        },
        "speed_multiplier": {
            "type": "number"
        }
    }
}