{
    "$schema": "http://json-schema.org/draft-07/schema#",
    "$id": "1492465940",
    "x-format-version": "1.21.100",
    "x-minecraft-version": "1.21.110-beta.22",
    "title": "minecraft:behavior.dragonflaming",
    "type": "object",
    "properties": {
        "control_flags": {
            "type": "array",
            "items": {
                "title": "Goal's control flags",
                "type": "string",
                "enum": [
                    "move",
                    "look",
                    "jump"
                ]
            }
        },
        "cooldown_time": {
            "type": "number"
        },
        "flame_time": {
            "type": "number"
        },
        "ground_flame_count": {
            "type": "integer"
        },
        "priority": {
            "type": "integer",
            "minimum": 0.0
        },
        "roar_time": {
            "type": "number"
        },
        "smoke_color": {
            "type": "string"
        },
        "smoke_radius": {
            "type": "number"
        },
        "smoke_time": {
            "type": "number"
        }
    }
}