{
    "$schema": "http://json-schema.org/draft-07/schema#",
    "$id": "4184501408",
    "x-format-version": "1.21.0",
    "x-minecraft-version": "1.21.120-beta.21",
    "definitions": {
        "3178719147": {
            "title": "Molang expression",
            "oneOf": [
                {
                    "$ref": "#/definitions/2267778531"
                },
                {
                    "type": "number"
                }
            ]
        },
        "2267778531": {
            "title": "Molang string",
            "oneOf": [
                {
                    "type": "string"
                },
                {
                    "type": "object",
                    "properties": {
                        "expression": {
                            "type": "string"
                        },
                        "version": {
                            "type": "integer"
                        }
                    },
                    "required": [
                        "expression",
                        "version"
                    ]
                }
            ]
        }
    },
    "title": "particle_motion_parametric",
    "type": "object",
    "properties": {
        "direction": {
            "type": "array",
            "items": {
                "$ref": "#/definitions/3178719147"
            },
            "minItems": 3,
            "maxItems": 3
        },
        "relative_position": {
            "type": "array",
            "items": {
                "$ref": "#/definitions/3178719147"
            },
            "minItems": 3,
            "maxItems": 3
        },
        "rotation": {
            "$ref": "#/definitions/3178719147"
        }
    }
}