{
    "$schema": "http://json-schema.org/draft-07/schema#",
    "$id": "2751853296",
    "x-format-version": "1.21.0",
    "x-minecraft-version": "1.21.120-beta.22",
    "definitions": {
        "2423881331": {
            "title": "particle_motion_collision_event",
            "type": "object",
            "properties": {
                "event": {
                    "$ref": "#/definitions/2715320761"
                },
                "min_speed": {
                    "type": "number"
                }
            },
            "required": [
                "event"
            ]
        },
        "2715320761": {
            "title": "hashed_string",
            "type": "string"
        }
    },
    "title": "particle_motion_collision_event_vector",
    "oneOf": [
        {
            "type": "array",
            "items": {
                "$ref": "#/definitions/2423881331"
            }
        },
        {
            "$ref": "#/definitions/2423881331"
        }
    ]
}