{
    "$schema": "http://json-schema.org/draft-07/schema#",
    "$id": "2245986520",
    "x-format-version": "1.21.0",
    "x-minecraft-version": "1.21.110-beta.25",
    "definitions": {
        "2715320761": {
            "title": "hashed_string",
            "type": "string"
        },
        "3178719147": {
            "title": "Molang expression",
            "oneOf": [
                {
                    "$ref": "#/definitions/2267778531"
                },
                {
                    "type": "number"
                }
            ]
        },
        "2267778531": {
            "title": "Molang string",
            "oneOf": [
                {
                    "type": "string"
                },
                {
                    "type": "object",
                    "properties": {
                        "expression": {
                            "type": "string"
                        },
                        "version": {
                            "type": "integer"
                        }
                    },
                    "required": [
                        "expression",
                        "version"
                    ]
                }
            ]
        }
    },
    "title": "particle_visual_effect_event",
    "type": "object",
    "properties": {
        "effect": {
            "$ref": "#/definitions/2715320761"
        },
        "pre_effect_expression": {
            "$ref": "#/definitions/3178719147"
        },
        "type": {
            "title": "particle_visual_effect_event effect_type",
            "type": "string",
            "enum": [
                "particle",
                "particle_with_velocity",
                "emitter",
                "emitter_bound"
            ]
        }
    },
    "required": [
        "effect",
        "type"
    ]
}