{
    "$schema": "http://json-schema.org/draft-07/schema#",
    "$id": "49717204",
    "x-format-version": "1.21.0",
    "x-minecraft-version": "1.21.120-beta.22",
    "definitions": {
        "2715320761": {
            "title": "hashed_string",
            "type": "string"
        },
        "2751853296": {
            "title": "particle_motion_collision_event_vector",
            "oneOf": [
                {
                    "type": "array",
                    "items": {
                        "$ref": "#/definitions/2423881331"
                    }
                },
                {
                    "$ref": "#/definitions/2423881331"
                }
            ]
        },
        "3178719147": {
            "title": "Molang expression",
            "oneOf": [
                {
                    "$ref": "#/definitions/2267778531"
                },
                {
                    "type": "number"
                }
            ]
        },
        "2267778531": {
            "title": "Molang string",
            "oneOf": [
                {
                    "type": "string"
                },
                {
                    "type": "object",
                    "properties": {
                        "expression": {
                            "type": "string"
                        },
                        "version": {
                            "type": "integer"
                        }
                    },
                    "required": [
                        "expression",
                        "version"
                    ]
                }
            ]
        },
        "2423881331": {
            "title": "particle_motion_collision_event",
            "type": "object",
            "properties": {
                "event": {
                    "$ref": "#/definitions/2715320761"
                },
                "min_speed": {
                    "type": "number"
                }
            },
            "required": [
                "event"
            ]
        }
    },
    "title": "particle_motion_collision",
    "type": "object",
    "properties": {
        "coefficient_of_restitution": {
            "type": "number"
        },
        "collision_drag": {
            "type": "number"
        },
        "collision_radius": {
            "type": "number",
            "minimum": 0.0,
            "maximum": 0.5
        },
        "enabled": {
            "$ref": "#/definitions/3178719147"
        },
        "events": {
            "$ref": "#/definitions/2751853296"
        },
        "expire_on_contact": {
            "type": "boolean"
        }
    },
    "required": [
        "collision_radius"
    ]
}