{
    "$schema": "http://json-schema.org/draft-07/schema#",
    "$id": "2330565510",
    "x-format-version": "1.21.0",
    "x-minecraft-version": "1.21.110-beta.25",
    "definitions": {
        "771176265": {
            "title": "VectorEvents",
            "oneOf": [
                {
                    "type": "array",
                    "items": {
                        "$ref": "#/definitions/2715320761"
                    }
                },
                {
                    "$ref": "#/definitions/2715320761"
                }
            ]
        },
        "2715320761": {
            "title": "hashed_string",
            "type": "string"
        }
    },
    "title": "particle_lifetime_events",
    "type": "object",
    "properties": {
        "creation_event": {
            "$ref": "#/definitions/771176265"
        },
        "expiration_event": {
            "$ref": "#/definitions/771176265"
        },
        "timeline": {
            "type": "object",
            "additionalProperties": {
                "$ref": "#/definitions/771176265"
            }
        }
    }
}