{
    "$schema": "http://json-schema.org/draft-07/schema#",
    "$id": "3821509436",
    "x-format-version": "1.21.0",
    "x-minecraft-version": "1.21.110-beta.25",
    "definitions": {
        "2992796413": {
            "title": "color_expr",
            "oneOf": [
                {
                    "type": "array",
                    "items": {
                        "$ref": "#/definitions/3178719147"
                    },
                    "minItems": 4,
                    "maxItems": 4
                },
                {
                    "type": "string"
                }
            ]
        },
        "3178719147": {
            "title": "Molang expression",
            "oneOf": [
                {
                    "$ref": "#/definitions/2267778531"
                },
                {
                    "type": "number"
                }
            ]
        },
        "1959189662": {
            "title": "particle_appearance_tinting gradient",
            "oneOf": [
                {
                    "type": "array",
                    "items": {
                        "$ref": "#/definitions/2992796413"
                    }
                },
                {
                    "type": "object",
                    "additionalProperties": {
                        "$ref": "#/definitions/2992796413"
                    }
                }
            ]
        },
        "2267778531": {
            "title": "Molang string",
            "oneOf": [
                {
                    "type": "string"
                },
                {
                    "type": "object",
                    "properties": {
                        "expression": {
                            "type": "string"
                        },
                        "version": {
                            "type": "integer"
                        }
                    },
                    "required": [
                        "expression",
                        "version"
                    ]
                }
            ]
        },
        "1411270136": {
            "title": "Color Proxy",
            "type": "object",
            "properties": {
                "gradient": {
                    "$ref": "#/definitions/1959189662"
                },
                "interpolant": {
                    "$ref": "#/definitions/3178719147"
                }
            },
            "required": [
                "gradient",
                "interpolant"
            ]
        }
    },
    "title": "particle_appearance_tinting color_data",
    "oneOf": [
        {
            "$ref": "#/definitions/2992796413"
        },
        {
            "$ref": "#/definitions/1411270136"
        }
    ]
}