{
    "$schema": "http://json-schema.org/draft-07/schema#",
    "$id": "2953490483",
    "x-format-version": "1.21.80",
    "x-minecraft-version": "1.21.110-beta.25",
    "definitions": {
        "480089458": {
            "title": "Jigsaw Block Metadata",
            "type": "object",
            "properties": {
                "block": {
                    "type": "string"
                },
                "final_block": {
                    "type": "string"
                },
                "joint_type": {
                    "title": "Jigsaw Joint Type",
                    "type": "string",
                    "enum": [
                        "rollable",
                        "aligned"
                    ]
                },
                "name": {
                    "type": "string"
                },
                "placement_priority": {
                    "type": "integer"
                },
                "pool": {
                    "type": "string"
                },
                "pos": {
                    "$ref": "#/definitions/820712576"
                },
                "selection_priority": {
                    "type": "integer"
                },
                "target": {
                    "type": "string"
                }
            },
            "required": [
                "block",
                "final_block",
                "joint_type",
                "name",
                "placement_priority",
                "pool",
                "pos",
                "selection_priority",
                "target"
            ]
        },
        "820712576": {
            "title": "block_pos",
            "type": "array",
            "items": {
                "type": "integer"
            },
            "minItems": 3,
            "maxItems": 3
        }
    },
    "title": "Jigsaw Structure Metadata",
    "type": "object",
    "properties": {
        "markers": {
            "type": "array",
            "items": {
                "$ref": "#/definitions/480089458"
            }
        },
        "size": {
            "$ref": "#/definitions/820712576"
        }
    },
    "required": [
        "markers",
        "size"
    ]
}