{
    "$schema": "http://json-schema.org/draft-07/schema#",
    "$id": "2543469118",
    "x-format-version": "1.21.50",
    "x-minecraft-version": "1.21.120-beta.22",
    "definitions": {
        "3836694600": {
            "title": "JigsawStructureMetadata",
            "type": "object",
            "properties": {
                "markers": {
                    "type": "array",
                    "items": {
                        "$ref": "#/definitions/515828389"
                    }
                },
                "size": {
                    "$ref": "#/definitions/820712576"
                },
                "use_legacy_rotation": {
                    "type": "boolean"
                }
            },
            "required": [
                "markers",
                "size"
            ]
        },
        "3220014991": {
            "title": "JigsawStructureMetadataRegistry",
            "type": "object",
            "properties": {
                "metadata": {
                    "type": "object",
                    "additionalProperties": {
                        "type": "object",
                        "properties": {
                            "key": {
                                "type": "integer"
                            },
                            "value": {
                                "$ref": "#/definitions/3836694600"
                            }
                        }
                    }
                }
            },
            "required": [
                "metadata"
            ]
        },
        "515828389": {
            "title": "JigsawBlockMetadata",
            "type": "object",
            "properties": {
                "block": {
                    "type": "string"
                },
                "final_block": {
                    "type": "string"
                },
                "joint_type": {
                    "title": "Jigsaw Joint Type",
                    "type": "string",
                    "enum": [
                        "rollable",
                        "aligned"
                    ]
                },
                "name": {
                    "type": "string"
                },
                "placement_priority": {
                    "type": "integer"
                },
                "pool": {
                    "type": "string"
                },
                "pos": {
                    "$ref": "#/definitions/820712576"
                },
                "selection_priority": {
                    "type": "integer"
                },
                "target": {
                    "type": "string"
                }
            },
            "required": [
                "block",
                "final_block",
                "joint_type",
                "name",
                "placement_priority",
                "pool",
                "pos",
                "selection_priority",
                "target"
            ]
        },
        "820712576": {
            "title": "block_pos",
            "type": "array",
            "items": {
                "type": "integer"
            },
            "minItems": 3,
            "maxItems": 3
        }
    },
    "title": "minecraft:jigsaw_structure_metadata",
    "type": "object",
    "properties": {
        "format_version": {
            "type": "string"
        },
        "minecraft:jigsaw_structure_metadata": {
            "$ref": "#/definitions/3220014991"
        }
    },
    "required": [
        "format_version",
        "minecraft:jigsaw_structure_metadata"
    ]
}