{
    "$schema": "http://json-schema.org/draft-07/schema#",
    "$id": "3035388266",
    "x-format-version": "1.21.20",
    "x-minecraft-version": "1.21.120-beta.22",
    "definitions": {
        "1766729433": {
            "title": "BlockStateMatch",
            "type": "object",
            "properties": {
                "block_state": {
                    "$ref": "#/definitions/3076687790"
                },
                "predicate_type": {
                    "title": "BlockType",
                    "type": "string",
                    "const": "minecraft:blockstate_match",
                    "enum": [
                        "minecraft:always_true",
                        "minecraft:block_match",
                        "minecraft:random_block_match",
                        "minecraft:tag_match",
                        "minecraft:blockstate_match",
                        "minecraft:random_blockstate_match"
                    ]
                }
            },
            "required": [
                "block_state",
                "predicate_type"
            ]
        },
        "45584192": {
            "title": "Passthrough",
            "type": "object",
            "properties": {
                "type": {
                    "title": "BlockEntityModifierType",
                    "type": "string",
                    "const": "minecraft:passthrough",
                    "enum": [
                        "minecraft:passthrough",
                        "minecraft:append_loot"
                    ]
                }
            },
            "required": [
                "type"
            ]
        },
        "1527037515": {
            "title": "Reference",
            "type": "string"
        },
        "1134690608": {
            "title": "AppendLoot",
            "type": "object",
            "properties": {
                "loot_table": {
                    "$ref": "#/definitions/1135547207"
                },
                "type": {
                    "title": "BlockEntityModifierType",
                    "type": "string",
                    "const": "minecraft:append_loot",
                    "enum": [
                        "minecraft:passthrough",
                        "minecraft:append_loot"
                    ]
                }
            },
            "required": [
                "loot_table",
                "type"
            ]
        },
        "3589682888": {
            "title": "RandomBlockStateMatch",
            "type": "object",
            "properties": {
                "block_state": {
                    "$ref": "#/definitions/3076687790"
                },
                "predicate_type": {
                    "title": "BlockType",
                    "type": "string",
                    "const": "minecraft:random_blockstate_match",
                    "enum": [
                        "minecraft:always_true",
                        "minecraft:block_match",
                        "minecraft:random_block_match",
                        "minecraft:tag_match",
                        "minecraft:blockstate_match",
                        "minecraft:random_blockstate_match"
                    ]
                },
                "probability": {
                    "type": "number",
                    "minimum": 0.0,
                    "maximum": 1.0
                }
            },
            "required": [
                "block_state",
                "predicate_type",
                "probability"
            ]
        },
        "3076687790": {
            "title": "Block Specifier",
            "oneOf": [
                {
                    "$ref": "#/definitions/1527037515"
                },
                {
                    "type": "object",
                    "properties": {
                        "name": {
                            "$ref": "#/definitions/1527037515"
                        },
                        "states": {
                            "type": "object",
                            "additionalProperties": {
                                "oneOf": [
                                    {
                                        "type": "integer"
                                    },
                                    {
                                        "type": "boolean"
                                    },
                                    {
                                        "type": "string"
                                    }
                                ]
                            }
                        }
                    },
                    "required": [
                        "name"
                    ]
                }
            ]
        },
        "1135547207": {
            "title": "File Reference",
            "type": "string"
        },
        "3523914459": {
            "title": "RandomBlockMatch",
            "type": "object",
            "properties": {
                "block": {
                    "$ref": "#/definitions/1527037515"
                },
                "predicate_type": {
                    "title": "BlockType",
                    "type": "string",
                    "const": "minecraft:random_block_match",
                    "enum": [
                        "minecraft:always_true",
                        "minecraft:block_match",
                        "minecraft:random_block_match",
                        "minecraft:tag_match",
                        "minecraft:blockstate_match",
                        "minecraft:random_blockstate_match"
                    ]
                },
                "probability": {
                    "type": "number",
                    "minimum": 0.0,
                    "maximum": 1.0
                }
            },
            "required": [
                "block",
                "predicate_type",
                "probability"
            ]
        },
        "4275912652": {
            "title": "AlwaysTrueBlock",
            "type": "object",
            "properties": {
                "predicate_type": {
                    "title": "BlockType",
                    "type": "string",
                    "const": "minecraft:always_true",
                    "enum": [
                        "minecraft:always_true",
                        "minecraft:block_match",
                        "minecraft:random_block_match",
                        "minecraft:tag_match",
                        "minecraft:blockstate_match",
                        "minecraft:random_blockstate_match"
                    ]
                }
            },
            "required": [
                "predicate_type"
            ]
        },
        "3034820683": {
            "title": "TagMatch",
            "type": "object",
            "properties": {
                "predicate_type": {
                    "title": "BlockType",
                    "type": "string",
                    "const": "minecraft:tag_match",
                    "enum": [
                        "minecraft:always_true",
                        "minecraft:block_match",
                        "minecraft:random_block_match",
                        "minecraft:tag_match",
                        "minecraft:blockstate_match",
                        "minecraft:random_blockstate_match"
                    ]
                },
                "tag": {
                    "type": "string"
                }
            },
            "required": [
                "predicate_type",
                "tag"
            ]
        },
        "2198589344": {
            "title": "BlockMatch",
            "type": "object",
            "properties": {
                "block": {
                    "$ref": "#/definitions/1527037515"
                },
                "predicate_type": {
                    "title": "BlockType",
                    "type": "string",
                    "const": "minecraft:block_match",
                    "enum": [
                        "minecraft:always_true",
                        "minecraft:block_match",
                        "minecraft:random_block_match",
                        "minecraft:tag_match",
                        "minecraft:blockstate_match",
                        "minecraft:random_blockstate_match"
                    ]
                }
            },
            "required": [
                "block",
                "predicate_type"
            ]
        },
        "1556792771": {
            "title": "AlwaysTruePos",
            "type": "object",
            "properties": {
                "predicate_type": {
                    "title": "PosType",
                    "type": "string",
                    "const": "minecraft:always_true",
                    "enum": [
                        "minecraft:always_true",
                        "minecraft:axis_aligned_linear_pos"
                    ]
                }
            },
            "required": [
                "predicate_type"
            ]
        },
        "3839910888": {
            "title": "AxisAlignedLinear",
            "type": "object",
            "properties": {
                "axis": {
                    "title": "PositionalBlockRuleAxis",
                    "type": "string",
                    "enum": [
                        "x",
                        "y",
                        "z"
                    ]
                },
                "max_chance": {
                    "type": "number",
                    "minimum": 0.0,
                    "exclusiveMaximum": 1.0
                },
                "max_dist": {
                    "type": "integer",
                    "minimum": 0.0
                },
                "min_chance": {
                    "type": "number",
                    "minimum": 0.0,
                    "exclusiveMaximum": 1.0
                },
                "min_dist": {
                    "type": "integer",
                    "minimum": 0.0
                },
                "predicate_type": {
                    "title": "PosType",
                    "type": "string",
                    "const": "minecraft:axis_aligned_linear_pos",
                    "enum": [
                        "minecraft:always_true",
                        "minecraft:axis_aligned_linear_pos"
                    ]
                }
            },
            "required": [
                "predicate_type"
            ]
        }
    },
    "title": "Processor Rule",
    "type": "object",
    "properties": {
        "block_entity_modifier": {
            "oneOf": [
                {
                    "$ref": "#/definitions/45584192"
                },
                {
                    "$ref": "#/definitions/1134690608"
                }
            ]
        },
        "input_predicate": {
            "oneOf": [
                {
                    "$ref": "#/definitions/4275912652"
                },
                {
                    "$ref": "#/definitions/2198589344"
                },
                {
                    "$ref": "#/definitions/3523914459"
                },
                {
                    "$ref": "#/definitions/3034820683"
                },
                {
                    "$ref": "#/definitions/1766729433"
                },
                {
                    "$ref": "#/definitions/3589682888"
                }
            ]
        },
        "location_predicate": {
            "oneOf": [
                {
                    "$ref": "#/definitions/4275912652"
                },
                {
                    "$ref": "#/definitions/2198589344"
                },
                {
                    "$ref": "#/definitions/3523914459"
                },
                {
                    "$ref": "#/definitions/3034820683"
                },
                {
                    "$ref": "#/definitions/1766729433"
                },
                {
                    "$ref": "#/definitions/3589682888"
                }
            ]
        },
        "output_state": {
            "$ref": "#/definitions/3076687790"
        },
        "position_predicate": {
            "oneOf": [
                {
                    "$ref": "#/definitions/1556792771"
                },
                {
                    "$ref": "#/definitions/3839910888"
                }
            ]
        }
    },
    "required": [
        "output_state"
    ]
}