{
    "$schema": "http://json-schema.org/draft-07/schema#",
    "$id": "1391327946",
    "x-format-version": "1.21.20",
    "x-minecraft-version": "1.21.120-beta.21",
    "definitions": {
        "2581260060": {
            "title": "Capped",
            "type": "object",
            "properties": {
                "delegate": {
                    "oneOf": [
                        {
                            "$ref": "#/definitions/3016468321"
                        },
                        {
                            "$ref": "#/definitions/3518228880"
                        },
                        {
                            "$ref": "#/definitions/1810898542"
                        }
                    ]
                },
                "limit": {
                    "oneOf": [
                        {
                            "type": "integer"
                        },
                        {
                            "$ref": "#/definitions/1354340864"
                        },
                        {
                            "$ref": "#/definitions/1740413124"
                        }
                    ]
                },
                "processor_type": {
                    "title": "Jigsaw Processro Type",
                    "type": "string",
                    "const": "minecraft:capped",
                    "enum": [
                        "minecraft:block_ignore",
                        "minecraft:rule",
                        "minecraft:capped",
                        "minecraft:protected_blocks"
                    ]
                }
            },
            "required": [
                "delegate",
                "limit",
                "processor_type"
            ]
        },
        "1810898542": {
            "title": "Protected Block",
            "type": "object",
            "properties": {
                "processor_type": {
                    "title": "Jigsaw Processro Type",
                    "type": "string",
                    "const": "minecraft:protected_blocks",
                    "enum": [
                        "minecraft:block_ignore",
                        "minecraft:rule",
                        "minecraft:capped",
                        "minecraft:protected_blocks"
                    ]
                },
                "value": {
                    "type": "string"
                }
            },
            "required": [
                "processor_type",
                "value"
            ]
        },
        "3016468321": {
            "title": "BlockRules",
            "type": "object",
            "properties": {
                "processor_type": {
                    "title": "Jigsaw Processro Type",
                    "type": "string",
                    "const": "minecraft:rule",
                    "enum": [
                        "minecraft:block_ignore",
                        "minecraft:rule",
                        "minecraft:capped",
                        "minecraft:protected_blocks"
                    ]
                },
                "rules": {
                    "type": "array",
                    "items": {
                        "$ref": "#/definitions/3035388266"
                    }
                }
            },
            "required": [
                "processor_type",
                "rules"
            ]
        },
        "1134690608": {
            "title": "AppendLoot",
            "type": "object",
            "properties": {
                "loot_table": {
                    "$ref": "#/definitions/1135547207"
                },
                "type": {
                    "title": "BlockEntityModifierType",
                    "type": "string",
                    "const": "minecraft:append_loot",
                    "enum": [
                        "minecraft:passthrough",
                        "minecraft:append_loot"
                    ]
                }
            },
            "required": [
                "loot_table",
                "type"
            ]
        },
        "1527037515": {
            "title": "Reference",
            "type": "string"
        },
        "3035388266": {
            "title": "Processor Rule",
            "type": "object",
            "properties": {
                "block_entity_modifier": {
                    "oneOf": [
                        {
                            "$ref": "#/definitions/45584192"
                        },
                        {
                            "$ref": "#/definitions/1134690608"
                        }
                    ]
                },
                "input_predicate": {
                    "oneOf": [
                        {
                            "$ref": "#/definitions/4275912652"
                        },
                        {
                            "$ref": "#/definitions/2198589344"
                        },
                        {
                            "$ref": "#/definitions/3523914459"
                        },
                        {
                            "$ref": "#/definitions/3034820683"
                        },
                        {
                            "$ref": "#/definitions/1766729433"
                        },
                        {
                            "$ref": "#/definitions/3589682888"
                        }
                    ]
                },
                "location_predicate": {
                    "oneOf": [
                        {
                            "$ref": "#/definitions/4275912652"
                        },
                        {
                            "$ref": "#/definitions/2198589344"
                        },
                        {
                            "$ref": "#/definitions/3523914459"
                        },
                        {
                            "$ref": "#/definitions/3034820683"
                        },
                        {
                            "$ref": "#/definitions/1766729433"
                        },
                        {
                            "$ref": "#/definitions/3589682888"
                        }
                    ]
                },
                "output_state": {
                    "$ref": "#/definitions/3076687790"
                },
                "position_predicate": {
                    "oneOf": [
                        {
                            "$ref": "#/definitions/1556792771"
                        },
                        {
                            "$ref": "#/definitions/3839910888"
                        }
                    ]
                }
            },
            "required": [
                "output_state"
            ]
        },
        "45584192": {
            "title": "Passthrough",
            "type": "object",
            "properties": {
                "type": {
                    "title": "BlockEntityModifierType",
                    "type": "string",
                    "const": "minecraft:passthrough",
                    "enum": [
                        "minecraft:passthrough",
                        "minecraft:append_loot"
                    ]
                }
            },
            "required": [
                "type"
            ]
        },
        "1766729433": {
            "title": "BlockStateMatch",
            "type": "object",
            "properties": {
                "block_state": {
                    "$ref": "#/definitions/3076687790"
                },
                "predicate_type": {
                    "title": "BlockType",
                    "type": "string",
                    "const": "minecraft:blockstate_match",
                    "enum": [
                        "minecraft:always_true",
                        "minecraft:block_match",
                        "minecraft:random_block_match",
                        "minecraft:tag_match",
                        "minecraft:blockstate_match",
                        "minecraft:random_blockstate_match"
                    ]
                }
            },
            "required": [
                "block_state",
                "predicate_type"
            ]
        },
        "3681370654": {
            "title": "Identifier",
            "type": "string"
        },
        "1135547207": {
            "title": "File Reference",
            "type": "string"
        },
        "3076687790": {
            "title": "Block Specifier",
            "oneOf": [
                {
                    "$ref": "#/definitions/1527037515"
                },
                {
                    "type": "object",
                    "properties": {
                        "name": {
                            "$ref": "#/definitions/1527037515"
                        },
                        "states": {
                            "type": "object",
                            "additionalProperties": {
                                "oneOf": [
                                    {
                                        "type": "integer"
                                    },
                                    {
                                        "type": "boolean"
                                    },
                                    {
                                        "type": "string"
                                    }
                                ]
                            }
                        }
                    },
                    "required": [
                        "name"
                    ]
                }
            ]
        },
        "3589682888": {
            "title": "RandomBlockStateMatch",
            "type": "object",
            "properties": {
                "block_state": {
                    "$ref": "#/definitions/3076687790"
                },
                "predicate_type": {
                    "title": "BlockType",
                    "type": "string",
                    "const": "minecraft:random_blockstate_match",
                    "enum": [
                        "minecraft:always_true",
                        "minecraft:block_match",
                        "minecraft:random_block_match",
                        "minecraft:tag_match",
                        "minecraft:blockstate_match",
                        "minecraft:random_blockstate_match"
                    ]
                },
                "probability": {
                    "type": "number",
                    "minimum": 0.0,
                    "maximum": 1.0
                }
            },
            "required": [
                "block_state",
                "predicate_type",
                "probability"
            ]
        },
        "3523914459": {
            "title": "RandomBlockMatch",
            "type": "object",
            "properties": {
                "block": {
                    "$ref": "#/definitions/1527037515"
                },
                "predicate_type": {
                    "title": "BlockType",
                    "type": "string",
                    "const": "minecraft:random_block_match",
                    "enum": [
                        "minecraft:always_true",
                        "minecraft:block_match",
                        "minecraft:random_block_match",
                        "minecraft:tag_match",
                        "minecraft:blockstate_match",
                        "minecraft:random_blockstate_match"
                    ]
                },
                "probability": {
                    "type": "number",
                    "minimum": 0.0,
                    "maximum": 1.0
                }
            },
            "required": [
                "block",
                "predicate_type",
                "probability"
            ]
        },
        "4275912652": {
            "title": "AlwaysTrueBlock",
            "type": "object",
            "properties": {
                "predicate_type": {
                    "title": "BlockType",
                    "type": "string",
                    "const": "minecraft:always_true",
                    "enum": [
                        "minecraft:always_true",
                        "minecraft:block_match",
                        "minecraft:random_block_match",
                        "minecraft:tag_match",
                        "minecraft:blockstate_match",
                        "minecraft:random_blockstate_match"
                    ]
                }
            },
            "required": [
                "predicate_type"
            ]
        },
        "3034820683": {
            "title": "TagMatch",
            "type": "object",
            "properties": {
                "predicate_type": {
                    "title": "BlockType",
                    "type": "string",
                    "const": "minecraft:tag_match",
                    "enum": [
                        "minecraft:always_true",
                        "minecraft:block_match",
                        "minecraft:random_block_match",
                        "minecraft:tag_match",
                        "minecraft:blockstate_match",
                        "minecraft:random_blockstate_match"
                    ]
                },
                "tag": {
                    "type": "string"
                }
            },
            "required": [
                "predicate_type",
                "tag"
            ]
        },
        "2198589344": {
            "title": "BlockMatch",
            "type": "object",
            "properties": {
                "block": {
                    "$ref": "#/definitions/1527037515"
                },
                "predicate_type": {
                    "title": "BlockType",
                    "type": "string",
                    "const": "minecraft:block_match",
                    "enum": [
                        "minecraft:always_true",
                        "minecraft:block_match",
                        "minecraft:random_block_match",
                        "minecraft:tag_match",
                        "minecraft:blockstate_match",
                        "minecraft:random_blockstate_match"
                    ]
                }
            },
            "required": [
                "block",
                "predicate_type"
            ]
        },
        "1556792771": {
            "title": "AlwaysTruePos",
            "type": "object",
            "properties": {
                "predicate_type": {
                    "title": "PosType",
                    "type": "string",
                    "const": "minecraft:always_true",
                    "enum": [
                        "minecraft:always_true",
                        "minecraft:axis_aligned_linear_pos"
                    ]
                }
            },
            "required": [
                "predicate_type"
            ]
        },
        "3839910888": {
            "title": "AxisAlignedLinear",
            "type": "object",
            "properties": {
                "axis": {
                    "title": "PositionalBlockRuleAxis",
                    "type": "string",
                    "enum": [
                        "x",
                        "y",
                        "z"
                    ]
                },
                "max_chance": {
                    "type": "number",
                    "minimum": 0.0,
                    "exclusiveMaximum": 1.0
                },
                "max_dist": {
                    "type": "integer",
                    "minimum": 0.0
                },
                "min_chance": {
                    "type": "number",
                    "minimum": 0.0,
                    "exclusiveMaximum": 1.0
                },
                "min_dist": {
                    "type": "integer",
                    "minimum": 0.0
                },
                "predicate_type": {
                    "title": "PosType",
                    "type": "string",
                    "const": "minecraft:axis_aligned_linear_pos",
                    "enum": [
                        "minecraft:always_true",
                        "minecraft:axis_aligned_linear_pos"
                    ]
                }
            },
            "required": [
                "predicate_type"
            ]
        },
        "3518228880": {
            "title": "BlockIgnore",
            "type": "object",
            "properties": {
                "blocks": {
                    "type": "array",
                    "items": {
                        "$ref": "#/definitions/1527037515"
                    }
                },
                "processor_type": {
                    "title": "Jigsaw Processro Type",
                    "type": "string",
                    "const": "minecraft:block_ignore",
                    "enum": [
                        "minecraft:block_ignore",
                        "minecraft:rule",
                        "minecraft:capped",
                        "minecraft:protected_blocks"
                    ]
                }
            },
            "required": [
                "blocks",
                "processor_type"
            ]
        },
        "1354340864": {
            "title": "ConstantIntProvider",
            "type": "object",
            "properties": {
                "type": {
                    "title": "IntProviderType",
                    "type": "string",
                    "const": "constant",
                    "enum": [
                        "constant",
                        "uniform"
                    ]
                },
                "value": {
                    "type": "integer"
                }
            },
            "required": [
                "type",
                "value"
            ]
        },
        "1740413124": {
            "title": "UniformIntProvider",
            "type": "object",
            "properties": {
                "max_inclusive": {
                    "type": "integer"
                },
                "min_inclusive": {
                    "type": "integer"
                },
                "type": {
                    "title": "IntProviderType",
                    "type": "string",
                    "const": "uniform",
                    "enum": [
                        "constant",
                        "uniform"
                    ]
                }
            },
            "required": [
                "max_inclusive",
                "min_inclusive",
                "type"
            ]
        },
        "1218029234": {
            "title": "Processor List Description",
            "type": "object",
            "properties": {
                "identifier": {
                    "$ref": "#/definitions/3681370654"
                }
            },
            "required": [
                "identifier"
            ]
        }
    },
    "title": "Rules used by Jigsaw Structures to determine which blocks to modify or replace when placing a Structure Template in the world.",
    "type": "object",
    "properties": {
        "description": {
            "$ref": "#/definitions/1218029234"
        },
        "processors": {
            "type": "array",
            "items": {
                "oneOf": [
                    {
                        "$ref": "#/definitions/3016468321"
                    },
                    {
                        "$ref": "#/definitions/1810898542"
                    },
                    {
                        "$ref": "#/definitions/3518228880"
                    },
                    {
                        "$ref": "#/definitions/2581260060"
                    }
                ]
            }
        }
    },
    "required": [
        "description",
        "processors"
    ]
}