{
   "classes" : [
      {
         "base_types" : [],
         "constants" : [],
         "functions" : [
            {
               "arguments" : [
                  {
                     "details" : null,
                     "name" : "level",
                     "type" : {
                        "is_bind_type" : true,
                        "is_errorable" : false,
                        "name" : "SentryEventLevel"
                     }
                  },
                  {
                     "details" : null,
                     "name" : "message",
                     "type" : {
                        "is_bind_type" : false,
                        "is_errorable" : false,
                        "name" : "string"
                     }
                  },
                  {
                     "details" : {
                        "default_value" : "null"
                     },
                     "name" : "category",
                     "type" : {
                        "is_bind_type" : false,
                        "is_errorable" : false,
                        "name" : "optional",
                        "optional_type" : {
                           "is_bind_type" : false,
                           "is_errorable" : false,
                           "name" : "string"
                        }
                     }
                  }
               ],
               "call_privilege" : [
                  {
                     "name" : "read_only"
                  },
                  {
                     "name" : "early_execution"
                  }
               ],
               "is_constructor" : false,
               "is_static" : false,
               "name" : "addBreadcrumb",
               "return_type" : {
                  "error_types" : [
                     {
                        "is_bind_type" : true,
                        "is_errorable" : false,
                        "name" : "SentryUninitializedError"
                     }
                  ],
                  "is_bind_type" : false,
                  "is_errorable" : true,
                  "name" : "undefined"
               }
            },
            {
               "arguments" : [
                  {
                     "details" : null,
                     "name" : "name",
                     "type" : {
                        "is_bind_type" : false,
                        "is_errorable" : false,
                        "name" : "string"
                     }
                  },
                  {
                     "details" : null,
                     "name" : "value",
                     "type" : {
                        "is_bind_type" : false,
                        "is_errorable" : false,
                        "name" : "string"
                     }
                  }
               ],
               "call_privilege" : [
                  {
                     "name" : "read_only"
                  },
                  {
                     "name" : "early_execution"
                  }
               ],
               "is_constructor" : false,
               "is_static" : false,
               "name" : "addTag",
               "return_type" : {
                  "error_types" : [
                     {
                        "is_bind_type" : true,
                        "is_errorable" : false,
                        "name" : "SentryUninitializedError"
                     }
                  ],
                  "is_bind_type" : false,
                  "is_errorable" : true,
                  "name" : "undefined"
               }
            },
            {
               "arguments" : [
                  {
                     "details" : null,
                     "name" : "exception",
                     "type" : {
                        "is_bind_type" : false,
                        "is_errorable" : false,
                        "name" : "error"
                     }
                  },
                  {
                     "details" : {
                        "default_value" : "null"
                     },
                     "name" : "captureContext",
                     "type" : {
                        "is_bind_type" : false,
                        "is_errorable" : false,
                        "name" : "optional",
                        "optional_type" : {
                           "is_bind_type" : true,
                           "is_errorable" : false,
                           "name" : "SentryCaptureContext"
                        }
                     }
                  }
               ],
               "call_privilege" : [
                  {
                     "name" : "read_only"
                  },
                  {
                     "name" : "early_execution"
                  }
               ],
               "is_constructor" : false,
               "is_static" : false,
               "name" : "captureException",
               "return_type" : {
                  "error_types" : [
                     {
                        "is_bind_type" : true,
                        "is_errorable" : false,
                        "name" : "SentryUninitializedError"
                     }
                  ],
                  "is_bind_type" : false,
                  "is_errorable" : true,
                  "name" : "undefined"
               }
            },
            {
               "arguments" : [],
               "call_privilege" : [
                  {
                     "name" : "read_only"
                  },
                  {
                     "name" : "early_execution"
                  }
               ],
               "is_constructor" : false,
               "is_static" : false,
               "name" : "getTags",
               "return_type" : {
                  "error_types" : [
                     {
                        "is_bind_type" : true,
                        "is_errorable" : false,
                        "name" : "SentryUninitializedError"
                     }
                  ],
                  "is_bind_type" : false,
                  "is_errorable" : true,
                  "key_type" : {
                     "is_bind_type" : false,
                     "is_errorable" : false,
                     "name" : "string"
                  },
                  "name" : "map",
                  "value_type" : {
                     "is_bind_type" : false,
                     "is_errorable" : false,
                     "name" : "string"
                  }
               }
            },
            {
               "arguments" : [
                  {
                     "details" : null,
                     "name" : "options",
                     "type" : {
                        "is_bind_type" : true,
                        "is_errorable" : false,
                        "name" : "SentryOptions"
                     }
                  }
               ],
               "call_privilege" : [
                  {
                     "name" : "read_only"
                  },
                  {
                     "name" : "early_execution"
                  }
               ],
               "is_constructor" : false,
               "is_static" : false,
               "name" : "init",
               "return_type" : {
                  "error_types" : [
                     {
                        "from_module" : {
                           "name" : "@minecraft/common",
                           "uuid" : "77ec12b4-1b2b-4c98-8d34-d1cd63f849d5",
                           "version" : "1.2.0"
                        },
                        "is_bind_type" : true,
                        "is_errorable" : false,
                        "name" : "InvalidArgumentError"
                     },
                     {
                        "is_bind_type" : true,
                        "is_errorable" : false,
                        "name" : "SentryAlreadyInitializedError"
                     }
                  ],
                  "is_bind_type" : false,
                  "is_errorable" : true,
                  "name" : "undefined"
               }
            },
            {
               "arguments" : [
                  {
                     "details" : null,
                     "name" : "name",
                     "type" : {
                        "is_bind_type" : false,
                        "is_errorable" : false,
                        "name" : "string"
                     }
                  }
               ],
               "call_privilege" : [
                  {
                     "name" : "read_only"
                  },
                  {
                     "name" : "early_execution"
                  }
               ],
               "is_constructor" : false,
               "is_static" : false,
               "name" : "removeTag",
               "return_type" : {
                  "error_types" : [
                     {
                        "is_bind_type" : true,
                        "is_errorable" : false,
                        "name" : "SentryUninitializedError"
                     }
                  ],
                  "is_bind_type" : false,
                  "is_errorable" : true,
                  "name" : "undefined"
               }
            }
         ],
         "name" : "Sentry",
         "properties" : [],
         "type" : {
            "is_bind_type" : true,
            "is_errorable" : false,
            "name" : "Sentry"
         }
      }
   ],
   "constants" : [],
   "dependencies" : [],
   "enums" : [
      {
         "constants" : [
            {
               "is_read_only" : true,
               "is_static" : true,
               "name" : "debug",
               "type" : {
                  "is_bind_type" : false,
                  "is_errorable" : false,
                  "name" : "string"
               },
               "value" : "debug"
            },
            {
               "is_read_only" : true,
               "is_static" : true,
               "name" : "error",
               "type" : {
                  "is_bind_type" : false,
                  "is_errorable" : false,
                  "name" : "string"
               },
               "value" : "error"
            },
            {
               "is_read_only" : true,
               "is_static" : true,
               "name" : "fatal",
               "type" : {
                  "is_bind_type" : false,
                  "is_errorable" : false,
                  "name" : "string"
               },
               "value" : "fatal"
            },
            {
               "is_read_only" : true,
               "is_static" : true,
               "name" : "info",
               "type" : {
                  "is_bind_type" : false,
                  "is_errorable" : false,
                  "name" : "string"
               },
               "value" : "info"
            },
            {
               "is_read_only" : true,
               "is_static" : true,
               "name" : "warning",
               "type" : {
                  "is_bind_type" : false,
                  "is_errorable" : false,
                  "name" : "string"
               },
               "value" : "warning"
            }
         ],
         "name" : "SentryEventLevel"
      }
   ],
   "errors" : [
      {
         "name" : "SentryAlreadyInitializedError",
         "properties" : [],
         "type" : {
            "is_bind_type" : true,
            "is_errorable" : false,
            "name" : "SentryAlreadyInitializedError"
         }
      },
      {
         "name" : "SentryUninitializedError",
         "properties" : [],
         "type" : {
            "is_bind_type" : true,
            "is_errorable" : false,
            "name" : "SentryUninitializedError"
         }
      }
   ],
   "functions" : [],
   "interfaces" : [
      {
         "base_types" : [],
         "name" : "SentryCaptureContext",
         "properties" : [
            {
               "is_baked" : false,
               "is_read_only" : false,
               "name" : "extraData",
               "type" : {
                  "is_bind_type" : false,
                  "is_errorable" : false,
                  "name" : "optional",
                  "optional_type" : {
                     "is_bind_type" : false,
                     "is_errorable" : false,
                     "key_type" : {
                        "is_bind_type" : false,
                        "is_errorable" : false,
                        "name" : "string"
                     },
                     "name" : "map",
                     "value_type" : {
                        "is_bind_type" : false,
                        "is_errorable" : false,
                        "name" : "variant",
                        "variant_types" : [
                           {
                              "is_bind_type" : false,
                              "is_errorable" : false,
                              "name" : "boolean"
                           },
                           {
                              "is_bind_type" : false,
                              "is_errorable" : false,
                              "name" : "float",
                              "valid_range" : {
                                 "max" : 2147483647,
                                 "min" : -2147483648
                              }
                           },
                           {
                              "is_bind_type" : false,
                              "is_errorable" : false,
                              "name" : "string"
                           }
                        ]
                     }
                  }
               }
            },
            {
               "is_baked" : false,
               "is_read_only" : false,
               "name" : "level",
               "type" : {
                  "is_bind_type" : false,
                  "is_errorable" : false,
                  "name" : "optional",
                  "optional_type" : {
                     "is_bind_type" : true,
                     "is_errorable" : false,
                     "name" : "SentryEventLevel"
                  }
               }
            },
            {
               "is_baked" : false,
               "is_read_only" : false,
               "name" : "tags",
               "type" : {
                  "is_bind_type" : false,
                  "is_errorable" : false,
                  "name" : "optional",
                  "optional_type" : {
                     "is_bind_type" : false,
                     "is_errorable" : false,
                     "key_type" : {
                        "is_bind_type" : false,
                        "is_errorable" : false,
                        "name" : "string"
                     },
                     "name" : "map",
                     "value_type" : {
                        "is_bind_type" : false,
                        "is_errorable" : false,
                        "name" : "string"
                     }
                  }
               }
            }
         ],
         "type" : {
            "is_bind_type" : true,
            "is_errorable" : false,
            "name" : "SentryCaptureContext"
         }
      },
      {
         "base_types" : [],
         "name" : "SentryOptions",
         "properties" : [
            {
               "is_baked" : false,
               "is_read_only" : false,
               "name" : "debug",
               "type" : {
                  "is_bind_type" : false,
                  "is_errorable" : false,
                  "name" : "optional",
                  "optional_type" : {
                     "is_bind_type" : false,
                     "is_errorable" : false,
                     "name" : "boolean"
                  }
               }
            },
            {
               "is_baked" : false,
               "is_read_only" : false,
               "name" : "dsn",
               "type" : {
                  "is_bind_type" : false,
                  "is_errorable" : false,
                  "name" : "variant",
                  "variant_types" : [
                     {
                        "from_module" : {
                           "name" : "@minecraft/server-admin",
                           "uuid" : "53d7f2bf-bf9c-49c4-ad1f-7c803d947920",
                           "version" : "1.0.0-beta"
                        },
                        "is_bind_type" : true,
                        "is_errorable" : false,
                        "name" : "SecretString"
                     },
                     {
                        "is_bind_type" : false,
                        "is_errorable" : false,
                        "name" : "string"
                     }
                  ]
               }
            },
            {
               "is_baked" : false,
               "is_read_only" : false,
               "name" : "maxBreadcrumbs",
               "type" : {
                  "is_bind_type" : false,
                  "is_errorable" : false,
                  "name" : "optional",
                  "optional_type" : {
                     "is_bind_type" : false,
                     "is_errorable" : false,
                     "name" : "uint8",
                     "valid_range" : {
                        "max" : 2147483647,
                        "min" : -2147483648
                     }
                  }
               }
            },
            {
               "is_baked" : false,
               "is_read_only" : false,
               "name" : "sampleRate",
               "type" : {
                  "is_bind_type" : false,
                  "is_errorable" : false,
                  "name" : "optional",
                  "optional_type" : {
                     "is_bind_type" : false,
                     "is_errorable" : false,
                     "name" : "float",
                     "valid_range" : {
                        "max" : 2147483647,
                        "min" : -2147483648
                     }
                  }
               }
            }
         ],
         "type" : {
            "is_bind_type" : true,
            "is_errorable" : false,
            "name" : "SentryOptions"
         }
      }
   ],
   "minecraft_version" : "1.21.120-beta.24",
   "module_type" : "script",
   "name" : "@minecraft/diagnostics",
   "objects" : [
      {
         "is_read_only" : true,
         "is_static" : true,
         "name" : "sentry",
         "type" : {
            "is_bind_type" : true,
            "is_errorable" : false,
            "name" : "Sentry"
         }
      }
   ],
   "peer_dependencies" : [
      {
         "name" : "@minecraft/common",
         "uuid" : "77ec12b4-1b2b-4c98-8d34-d1cd63f849d5",
         "versions" : [
            {
               "version" : "1.0.0"
            }
         ]
      },
      {
         "name" : "@minecraft/server-admin",
         "uuid" : "53d7f2bf-bf9c-49c4-ad1f-7c803d947920",
         "versions" : [
            {
               "version" : "1.0.0-beta"
            }
         ]
      }
   ],
   "type_aliases" : [],
   "uuid" : "b7b26c0f-2267-4713-8534-51ca98c51ee9",
   "version" : "1.0.0-beta"
}
