{
   "classes" : [],
   "constants" : [],
   "dependencies" : [
      {
         "name" : "@minecraft/server-bindings",
         "uuid" : "0196a2fa-8fb5-79a7-b29e-ce3cbc644f82",
         "versions" : [
            {
               "version" : "1.14.0"
            }
         ]
      }
   ],
   "enums" : [],
   "errors" : [],
   "functions" : [],
   "interfaces" : [],
   "minecraft_version" : "1.21.120-beta.22",
   "module_type" : "script",
   "name" : "@minecraft/server",
   "objects" : [],
   "peer_dependencies" : [
      {
         "name" : "@minecraft/common",
         "uuid" : "77ec12b4-1b2b-4c98-8d34-d1cd63f849d5",
         "versions" : [
            {
               "version" : "1.2.0"
            }
         ]
      }
   ],
   "type_aliases" : [],
   "uuid" : "b26a4d4c-afdf-4690-88f8-931846312678",
   "version" : "1.14.0"
}
