{
    "$schema": "http://json-schema.org/draft-07/schema#",
    "$id": "2195141389",
    "x-format-version": "1.21.10",
    "x-minecraft-version": "1.21.120-beta.22",
    "definitions": {
        "3178719147": {
            "title": "Molang expression",
            "oneOf": [
                {
                    "$ref": "#/definitions/2267778531"
                },
                {
                    "type": "number"
                }
            ]
        },
        "2267778531": {
            "title": "Molang string",
            "oneOf": [
                {
                    "type": "string"
                },
                {
                    "type": "object",
                    "properties": {
                        "expression": {
                            "type": "string"
                        },
                        "version": {
                            "type": "integer"
                        }
                    },
                    "required": [
                        "expression",
                        "version"
                    ]
                }
            ]
        },
        "2176758423": {
            "title": "Scatter Chance",
            "oneOf": [
                {
                    "$ref": "#/definitions/3178719147"
                },
                {
                    "type": "object",
                    "properties": {
                        "denominator": {
                            "type": "integer",
                            "minimum": 1.0
                        },
                        "numerator": {
                            "type": "integer",
                            "minimum": 1.0
                        }
                    },
                    "required": [
                        "denominator",
                        "numerator"
                    ]
                }
            ]
        },
        "4150871210": {
            "title": "Coordinate Range",
            "oneOf": [
                {
                    "$ref": "#/definitions/3178719147"
                },
                {
                    "type": "object",
                    "properties": {
                        "distribution": {
                            "title": "Random Distribution Type",
                            "type": "string",
                            "enum": [
                                "uniform",
                                "gaussian",
                                "inverse_gaussian",
                                "triangle",
                                "fixed_grid",
                                "jittered_grid"
                            ]
                        },
                        "extent": {
                            "type": "array",
                            "items": {
                                "$ref": "#/definitions/3178719147"
                            },
                            "minItems": 2,
                            "maxItems": 2
                        },
                        "grid_offset": {
                            "type": "integer",
                            "minimum": 0.0
                        },
                        "step_size": {
                            "type": "integer",
                            "minimum": 1.0
                        }
                    },
                    "required": [
                        "distribution",
                        "extent"
                    ]
                }
            ]
        }
    },
    "title": "Scatter Params",
    "type": "object",
    "properties": {
        "coordinate_eval_order": {
            "title": "Coordinate Evaluation Order",
            "type": "string",
            "enum": [
                "xyz",
                "xzy",
                "yxz",
                "yzx",
                "zxy",
                "zyx"
            ]
        },
        "iterations": {
            "$ref": "#/definitions/3178719147"
        },
        "scatter_chance": {
            "$ref": "#/definitions/2176758423"
        },
        "x": {
            "$ref": "#/definitions/4150871210"
        },
        "y": {
            "$ref": "#/definitions/4150871210"
        },
        "z": {
            "$ref": "#/definitions/4150871210"
        }
    },
    "required": [
        "iterations",
        "x",
        "y",
        "z"
    ]
}