{
    "$schema": "http://json-schema.org/draft-07/schema#",
    "$id": "2580189731",
    "x-format-version": "1.21.20",
    "x-minecraft-version": "1.21.102",
    "title": "MaxDistanceFromCenter",
    "oneOf": [
        {
            "type": "integer",
            "minimum": 1.0,
            "maximum": 128.0
        },
        {
            "type": "object",
            "properties": {
                "horizontal": {
                    "type": "integer",
                    "minimum": 1.0,
                    "maximum": 128.0
                },
                "vertical": {
                    "type": "integer",
                    "minimum": 1.0,
                    "maximum": 2147483647.0
                }
            },
            "required": [
                "horizontal"
            ]
        }
    ]
}