{
    "$schema": "http://json-schema.org/draft-07/schema#",
    "$id": "2375908812",
    "x-format-version": "1.21.20",
    "x-minecraft-version": "1.21.102",
    "definitions": {
        "2155635173": {
            "title": "WeightedRandomItem",
            "type": "object",
            "properties": {
                "data": {
                    "type": "array",
                    "items": {
                        "oneOf": [
                            {
                                "$ref": "#/definitions/3138104923"
                            },
                            {
                                "$ref": "#/definitions/169701669"
                            }
                        ]
                    }
                },
                "weight": {
                    "type": "integer"
                }
            },
            "required": [
                "data",
                "weight"
            ]
        },
        "3138104923": {
            "title": "DirectPoolAlias",
            "type": "object",
            "properties": {
                "alias": {
                    "type": "string"
                },
                "target": {
                    "type": "string"
                }
            },
            "required": [
                "alias",
                "target"
            ]
        },
        "169701669": {
            "title": "RandomPoolAlias",
            "type": "object",
            "properties": {
                "alias": {
                    "type": "string"
                },
                "targets": {
                    "type": "array",
                    "items": {
                        "$ref": "#/definitions/2318795732"
                    }
                }
            },
            "required": [
                "alias",
                "targets"
            ]
        },
        "2318795732": {
            "title": "WeightedRandomItem",
            "type": "object",
            "properties": {
                "data": {
                    "type": "string"
                },
                "weight": {
                    "type": "integer"
                }
            },
            "required": [
                "data",
                "weight"
            ]
        }
    },
    "title": "RandomGroupPoolAlias",
    "type": "object",
    "properties": {
        "groups": {
            "type": "array",
            "items": {
                "$ref": "#/definitions/2155635173"
            }
        }
    },
    "required": [
        "groups"
    ]
}