{
    "$schema": "http://json-schema.org/draft-07/schema#",
    "$id": "169701669",
    "x-format-version": "1.21.20",
    "x-minecraft-version": "1.21.102",
    "definitions": {
        "2318795732": {
            "title": "WeightedRandomItem",
            "type": "object",
            "properties": {
                "data": {
                    "type": "string"
                },
                "weight": {
                    "type": "integer"
                }
            },
            "required": [
                "data",
                "weight"
            ]
        }
    },
    "title": "RandomPoolAlias",
    "type": "object",
    "properties": {
        "alias": {
            "type": "string"
        },
        "targets": {
            "type": "array",
            "items": {
                "$ref": "#/definitions/2318795732"
            }
        }
    },
    "required": [
        "alias",
        "targets"
    ]
}