{
    "$schema": "http://json-schema.org/draft-07/schema#",
    "$id": "2155635173",
    "x-format-version": "1.21.20",
    "x-minecraft-version": "1.21.110-beta.22",
    "definitions": {
        "3138104923": {
            "title": "DirectPoolAlias",
            "type": "object",
            "properties": {
                "alias": {
                    "type": "string"
                },
                "target": {
                    "$ref": "#/definitions/1356053607"
                }
            },
            "required": [
                "alias",
                "target"
            ]
        },
        "1356053607": {
            "title": "Reference",
            "type": "string"
        },
        "169701669": {
            "title": "RandomPoolAlias",
            "type": "object",
            "properties": {
                "alias": {
                    "type": "string"
                },
                "targets": {
                    "type": "array",
                    "items": {
                        "$ref": "#/definitions/1715022163"
                    }
                }
            },
            "required": [
                "alias",
                "targets"
            ]
        },
        "1715022163": {
            "title": "WeightedRandomItem",
            "type": "object",
            "properties": {
                "data": {
                    "$ref": "#/definitions/1356053607"
                },
                "weight": {
                    "type": "integer"
                }
            },
            "required": [
                "data",
                "weight"
            ]
        }
    },
    "title": "WeightedRandomItem",
    "type": "object",
    "properties": {
        "data": {
            "type": "array",
            "items": {
                "oneOf": [
                    {
                        "$ref": "#/definitions/3138104923"
                    },
                    {
                        "$ref": "#/definitions/169701669"
                    }
                ]
            }
        },
        "weight": {
            "type": "integer"
        }
    },
    "required": [
        "data",
        "weight"
    ]
}