{
    "$schema": "http://json-schema.org/draft-07/schema#",
    "$id": "2567691908",
    "x-format-version": "1.21.110",
    "x-minecraft-version": "1.21.110-beta.22",
    "title": "minecraft:behavior.slime_float",
    "type": "object",
    "properties": {
        "control_flags": {
            "type": "array",
            "items": {
                "title": "Goal's control flags",
                "type": "string",
                "enum": [
                    "move",
                    "look",
                    "jump"
                ]
            }
        },
        "jump_chance_percentage": {
            "type": "number"
        },
        "priority": {
            "type": "integer",
            "minimum": 0.0
        },
        "speed_multiplier": {
            "type": "number"
        }
    }
}