{
    "$schema": "http://json-schema.org/draft-07/schema#",
    "$id": "1042742755",
    "x-format-version": "1.20.60",
    "x-minecraft-version": "1.21.110-beta.25",
    "title": "minecraft:overworld_height",
    "type": "object",
    "properties": {
        "noise_params": {
            "type": "array",
            "items": {
                "type": "number"
            },
            "minItems": 2,
            "maxItems": 2
        },
        "noise_type": {
            "title": "Noise Type",
            "type": "string",
            "enum": [
                "default",
                "default_mutated",
                "river",
                "ocean",
                "deep_ocean",
                "lowlands",
                "taiga",
                "mountains",
                "highlands",
                "extreme",
                "less_extreme",
                "beach",
                "stone_beach",
                "mushroom",
                "swamp"
            ]
        }
    }
}