{
    "$schema": "http://json-schema.org/draft-07/schema#",
    "$id": "2267778531",
    "x-format-version": "MISSING VERSION",
    "x-minecraft-version": "1.21.120-beta.22",
    "title": "Molang string",
    "oneOf": [
        {
            "type": "string"
        },
        {
            "type": "object",
            "properties": {
                "expression": {
                    "type": "string"
                },
                "version": {
                    "type": "integer"
                }
            },
            "required": [
                "expression",
                "version"
            ]
        }
    ]
}