{
    "$schema": "http://json-schema.org/draft-07/schema#",
    "$id": "2499855414",
    "x-format-version": "1.20.50",
    "x-minecraft-version": "1.21.120-beta.22",
    "definitions": {
        "517105782": {
            "title": "compound_proxy",
            "oneOf": [
                {
                    "type": "integer"
                },
                {
                    "type": "string"
                },
                {
                    "type": "boolean"
                }
            ]
        },
        "1899103179": {
            "title": "BlockInfo",
            "type": "object",
            "properties": {
                "block": {
                    "$ref": "#/definitions/2794205495"
                },
                "speed": {
                    "type": "integer"
                }
            },
            "required": [
                "block",
                "speed"
            ]
        },
        "2794205495": {
            "title": "Block Descriptor",
            "oneOf": [
                {
                    "$ref": "#/definitions/2770948419"
                },
                {
                    "type": "string",
                    "minLength": 1
                },
                {
                    "$ref": "#/definitions/2770948419"
                }
            ]
        },
        "2770948419": {
            "title": "BlockDescriptorProxy",
            "type": "object",
            "properties": {
                "name": {
                    "type": "string"
                },
                "states": {
                    "type": "object",
                    "additionalProperties": {
                        "$ref": "#/definitions/517105782"
                    }
                },
                "tags": {
                    "type": "string"
                }
            }
        }
    },
    "title": "minecraft:digger",
    "type": "object",
    "properties": {
        "destroy_speeds": {
            "type": "array",
            "items": {
                "$ref": "#/definitions/1899103179"
            }
        },
        "use_efficiency": {
            "type": "boolean"
        }
    }
}