{
    "$schema": "http://json-schema.org/draft-07/schema#",
    "$id": "853889472",
    "x-format-version": "1.20.50",
    "x-minecraft-version": "1.21.120-beta.21",
    "definitions": {
        "2770948419": {
            "title": "BlockDescriptorProxy",
            "type": "object",
            "properties": {
                "name": {
                    "type": "string"
                },
                "states": {
                    "type": "object",
                    "additionalProperties": {
                        "$ref": "#/definitions/517105782"
                    }
                },
                "tags": {
                    "type": "string"
                }
            }
        },
        "1493335182": {
            "title": "Reference",
            "type": "string"
        },
        "2794205495": {
            "title": "Block Descriptor",
            "oneOf": [
                {
                    "$ref": "#/definitions/2770948419"
                },
                {
                    "type": "string",
                    "minLength": 1
                },
                {
                    "$ref": "#/definitions/2770948419"
                }
            ]
        },
        "517105782": {
            "title": "compound_proxy",
            "oneOf": [
                {
                    "type": "integer"
                },
                {
                    "type": "string"
                },
                {
                    "type": "boolean"
                }
            ]
        }
    },
    "title": "minecraft:entity_placer",
    "type": "object",
    "properties": {
        "dispense_on": {
            "type": "array",
            "items": {
                "$ref": "#/definitions/2794205495"
            }
        },
        "entity": {
            "$ref": "#/definitions/1493335182",
            "minLength": 0,
            "pattern": "^(?:\\w+(?:\\.\\w+)*:(?=\\w))?(?:\\w+(?:\\.\\w+)*)(?:<((?:\\w+(?:\\.\\w+)*:(?=\\w))?\\w+(?:\\.\\w+)*)*>)?$"
        },
        "use_on": {
            "type": "array",
            "items": {
                "$ref": "#/definitions/2794205495"
            }
        }
    }
}