{
    "$schema": "http://json-schema.org/draft-07/schema#",
    "$id": "268086052",
    "x-format-version": "1.20.50",
    "x-minecraft-version": "1.21.110-beta.25",
    "definitions": {
        "1531870811": {
            "title": "Item Descriptor",
            "oneOf": [
                {
                    "type": "string"
                },
                {
                    "type": "object",
                    "additionalProperties": {
                        "type": "string"
                    }
                }
            ]
        }
    },
    "title": "minecraft:food",
    "type": "object",
    "properties": {
        "can_always_eat": {
            "type": "boolean"
        },
        "nutrition": {
            "type": "integer"
        },
        "saturation_modifier": {
            "type": "number",
            "minimum": 0.0
        },
        "using_converts_to": {
            "$ref": "#/definitions/1531870811"
        }
    }
}