{
    "$schema": "http://json-schema.org/draft-07/schema#",
    "$id": "3308324084",
    "x-format-version": "1.20.50",
    "x-minecraft-version": "1.21.120-beta.21",
    "title": "minecraft:fuel",
    "oneOf": [
        {
            "type": "number",
            "minimum": 0.05000000074505806
        },
        {
            "type": "object",
            "properties": {
                "duration": {
                    "type": "number",
                    "minimum": 0.05000000074505806
                }
            }
        }
    ]
}