{
    "$schema": "http://json-schema.org/draft-07/schema#",
    "$id": "1302400215",
    "x-format-version": "1.20.50",
    "x-minecraft-version": "1.21.120-beta.21",
    "definitions": {
        "3504177219": {
            "title": "Reference",
            "type": "string"
        }
    },
    "title": "minecraft:icon",
    "oneOf": [
        {
            "$ref": "#/definitions/3504177219"
        },
        {
            "type": "object",
            "properties": {
                "texture": {
                    "$ref": "#/definitions/3504177219"
                }
            }
        }
    ]
}