{
    "$schema": "http://json-schema.org/draft-07/schema#",
    "$id": "2817495317",
    "x-format-version": "1.20.50",
    "x-minecraft-version": "1.21.110-beta.25",
    "title": "minecraft:max_stack_size",
    "oneOf": [
        {
            "type": "integer",
            "minimum": 1.0,
            "maximum": 64.0
        },
        {
            "type": "object",
            "properties": {
                "value": {
                    "type": "integer",
                    "minimum": 1.0,
                    "maximum": 64.0
                }
            }
        }
    ]
}