{
    "$schema": "http://json-schema.org/draft-07/schema#",
    "$id": "3781185164",
    "x-format-version": "1.20.50",
    "x-minecraft-version": "1.21.110-beta.25",
    "definitions": {
        "2681068491": {
            "title": "Ammunition",
            "type": "object",
            "properties": {
                "item": {
                    "$ref": "#/definitions/1531870811"
                },
                "search_inventory": {
                    "type": "boolean"
                },
                "use_in_creative": {
                    "type": "boolean"
                },
                "use_offhand": {
                    "type": "boolean"
                }
            },
            "required": [
                "item"
            ]
        },
        "1531870811": {
            "title": "Item Descriptor",
            "oneOf": [
                {
                    "type": "string"
                },
                {
                    "type": "object",
                    "additionalProperties": {
                        "type": "string"
                    }
                }
            ]
        }
    },
    "title": "minecraft:shooter",
    "type": "object",
    "properties": {
        "ammunition": {
            "type": "array",
            "items": {
                "$ref": "#/definitions/2681068491"
            }
        },
        "charge_on_draw": {
            "type": "boolean"
        },
        "max_draw_duration": {
            "type": "number"
        },
        "scale_power_by_draw_duration": {
            "type": "boolean"
        }
    }
}