{
    "$schema": "http://json-schema.org/draft-07/schema#",
    "$id": "3246981949",
    "x-format-version": "1.20.50",
    "x-minecraft-version": "1.21.120-beta.21",
    "title": "minecraft:use_animation",
    "oneOf": [
        {
            "title": "Animation",
            "type": "string",
            "enum": [
                "none",
                "eat",
                "drink",
                "block",
                "bow",
                "camera",
                "crossbow",
                "spear",
                "spyglass",
                "brush"
            ]
        },
        {
            "type": "object",
            "properties": {
                "value": {
                    "title": "Animation",
                    "type": "string",
                    "enum": [
                        "none",
                        "eat",
                        "drink",
                        "block",
                        "bow",
                        "camera",
                        "crossbow",
                        "spear",
                        "spyglass",
                        "brush"
                    ]
                }
            }
        }
    ]
}