{
    "$schema": "http://json-schema.org/draft-07/schema#",
    "$id": "2438968950",
    "x-format-version": "1.21.60",
    "x-minecraft-version": "1.21.120-beta.22",
    "definitions": {
        "3470474886": {
            "title": "Reference",
            "type": "string"
        }
    },
    "title": "Crafting Catalog Item",
    "oneOf": [
        {
            "$ref": "#/definitions/3470474886",
            "pattern": "^(?:.)+:(?:.)+$"
        },
        {
            "type": "object",
            "properties": {
                "name": {
                    "$ref": "#/definitions/3470474886",
                    "pattern": "^(?:.)+:(?:.)+$"
                }
            },
            "required": [
                "name"
            ]
        }
    ]
}