{
   "data_items" : [
      {
         "name" : "minecraft:agent"
      },
      {
         "name" : "minecraft:allay"
      },
      {
         "name" : "minecraft:area_effect_cloud"
      },
      {
         "name" : "minecraft:armadillo"
      },
      {
         "name" : "minecraft:armor_stand"
      },
      {
         "name" : "minecraft:arrow"
      },
      {
         "name" : "minecraft:axolotl"
      },
      {
         "name" : "minecraft:bat"
      },
      {
         "name" : "minecraft:bee"
      },
      {
         "name" : "minecraft:blaze"
      },
      {
         "name" : "minecraft:boat"
      },
      {
         "name" : "minecraft:bogged"
      },
      {
         "name" : "minecraft:breeze"
      },
      {
         "name" : "minecraft:breeze_wind_charge_projectile"
      },
      {
         "name" : "minecraft:camel"
      },
      {
         "name" : "minecraft:cat"
      },
      {
         "name" : "minecraft:cave_spider"
      },
      {
         "name" : "minecraft:chest_boat"
      },
      {
         "name" : "minecraft:chest_minecart"
      },
      {
         "name" : "minecraft:chicken"
      },
      {
         "name" : "minecraft:cod"
      },
      {
         "name" : "minecraft:command_block_minecart"
      },
      {
         "name" : "minecraft:copper_golem"
      },
      {
         "name" : "minecraft:cow"
      },
      {
         "name" : "minecraft:creaking"
      },
      {
         "name" : "minecraft:creeper"
      },
      {
         "name" : "minecraft:dolphin"
      },
      {
         "name" : "minecraft:donkey"
      },
      {
         "name" : "minecraft:dragon_fireball"
      },
      {
         "name" : "minecraft:drowned"
      },
      {
         "name" : "minecraft:egg"
      },
      {
         "name" : "minecraft:elder_guardian"
      },
      {
         "name" : "minecraft:ender_crystal"
      },
      {
         "name" : "minecraft:ender_dragon"
      },
      {
         "name" : "minecraft:ender_pearl"
      },
      {
         "name" : "minecraft:enderman"
      },
      {
         "name" : "minecraft:endermite"
      },
      {
         "name" : "minecraft:evocation_illager"
      },
      {
         "name" : "minecraft:eye_of_ender_signal"
      },
      {
         "name" : "minecraft:fireball"
      },
      {
         "name" : "minecraft:fireworks_rocket"
      },
      {
         "name" : "minecraft:fishing_hook"
      },
      {
         "name" : "minecraft:fox"
      },
      {
         "name" : "minecraft:frog"
      },
      {
         "name" : "minecraft:ghast"
      },
      {
         "name" : "minecraft:glow_squid"
      },
      {
         "name" : "minecraft:goat"
      },
      {
         "name" : "minecraft:guardian"
      },
      {
         "name" : "minecraft:happy_ghast"
      },
      {
         "name" : "minecraft:hoglin"
      },
      {
         "name" : "minecraft:hopper_minecart"
      },
      {
         "name" : "minecraft:horse"
      },
      {
         "name" : "minecraft:husk"
      },
      {
         "name" : "minecraft:iron_golem"
      },
      {
         "name" : "minecraft:lightning_bolt"
      },
      {
         "name" : "minecraft:lingering_potion"
      },
      {
         "name" : "minecraft:llama"
      },
      {
         "name" : "minecraft:llama_spit"
      },
      {
         "name" : "minecraft:magma_cube"
      },
      {
         "name" : "minecraft:minecart"
      },
      {
         "name" : "minecraft:mooshroom"
      },
      {
         "name" : "minecraft:mule"
      },
      {
         "name" : "minecraft:npc"
      },
      {
         "name" : "minecraft:ocelot"
      },
      {
         "name" : "minecraft:ominous_item_spawner"
      },
      {
         "name" : "minecraft:panda"
      },
      {
         "name" : "minecraft:parrot"
      },
      {
         "name" : "minecraft:phantom"
      },
      {
         "name" : "minecraft:pig"
      },
      {
         "name" : "minecraft:piglin"
      },
      {
         "name" : "minecraft:piglin_brute"
      },
      {
         "name" : "minecraft:pillager"
      },
      {
         "name" : "minecraft:player"
      },
      {
         "name" : "minecraft:polar_bear"
      },
      {
         "name" : "minecraft:pufferfish"
      },
      {
         "name" : "minecraft:rabbit"
      },
      {
         "name" : "minecraft:ravager"
      },
      {
         "name" : "minecraft:salmon"
      },
      {
         "name" : "minecraft:sheep"
      },
      {
         "name" : "minecraft:shulker"
      },
      {
         "name" : "minecraft:shulker_bullet"
      },
      {
         "name" : "minecraft:silverfish"
      },
      {
         "name" : "minecraft:skeleton"
      },
      {
         "name" : "minecraft:skeleton_horse"
      },
      {
         "name" : "minecraft:slime"
      },
      {
         "name" : "minecraft:small_fireball"
      },
      {
         "name" : "minecraft:sniffer"
      },
      {
         "name" : "minecraft:snow_golem"
      },
      {
         "name" : "minecraft:snowball"
      },
      {
         "name" : "minecraft:spider"
      },
      {
         "name" : "minecraft:splash_potion"
      },
      {
         "name" : "minecraft:squid"
      },
      {
         "name" : "minecraft:stray"
      },
      {
         "name" : "minecraft:strider"
      },
      {
         "name" : "minecraft:tadpole"
      },
      {
         "name" : "minecraft:thrown_trident"
      },
      {
         "name" : "minecraft:tnt"
      },
      {
         "name" : "minecraft:tnt_minecart"
      },
      {
         "name" : "minecraft:trader_llama"
      },
      {
         "name" : "minecraft:tripod_camera"
      },
      {
         "name" : "minecraft:tropicalfish"
      },
      {
         "name" : "minecraft:turtle"
      },
      {
         "name" : "minecraft:vex"
      },
      {
         "name" : "minecraft:villager"
      },
      {
         "name" : "minecraft:villager_v2"
      },
      {
         "name" : "minecraft:vindicator"
      },
      {
         "name" : "minecraft:wandering_trader"
      },
      {
         "name" : "minecraft:warden"
      },
      {
         "name" : "minecraft:wind_charge_projectile"
      },
      {
         "name" : "minecraft:witch"
      },
      {
         "name" : "minecraft:wither"
      },
      {
         "name" : "minecraft:wither_skeleton"
      },
      {
         "name" : "minecraft:wither_skull"
      },
      {
         "name" : "minecraft:wither_skull_dangerous"
      },
      {
         "name" : "minecraft:wolf"
      },
      {
         "name" : "minecraft:xp_bottle"
      },
      {
         "name" : "minecraft:xp_orb"
      },
      {
         "name" : "minecraft:zoglin"
      },
      {
         "name" : "minecraft:zombie"
      },
      {
         "name" : "minecraft:zombie_horse"
      },
      {
         "name" : "minecraft:zombie_pigman"
      },
      {
         "name" : "minecraft:zombie_villager"
      },
      {
         "name" : "minecraft:zombie_villager_v2"
      }
   ],
   "minecraft_version" : "1.21.120-beta.22",
   "module_type" : "vanilla_data",
   "name" : "mojang-entity",
   "vanilla_data_type" : "entity"
}
