{
   "data_items" : [
      {
         "id" : 48,
         "name" : "minecraft:bamboo_jungle"
      },
      {
         "id" : 49,
         "name" : "minecraft:bamboo_jungle_hills"
      },
      {
         "id" : 181,
         "name" : "minecraft:basalt_deltas"
      },
      {
         "id" : 16,
         "name" : "minecraft:beach"
      },
      {
         "id" : 27,
         "name" : "minecraft:birch_forest"
      },
      {
         "id" : 28,
         "name" : "minecraft:birch_forest_hills"
      },
      {
         "id" : 156,
         "name" : "minecraft:birch_forest_hills_mutated"
      },
      {
         "id" : 155,
         "name" : "minecraft:birch_forest_mutated"
      },
      {
         "id" : 192,
         "name" : "minecraft:cherry_grove"
      },
      {
         "id" : 26,
         "name" : "minecraft:cold_beach"
      },
      {
         "id" : 44,
         "name" : "minecraft:cold_ocean"
      },
      {
         "id" : 30,
         "name" : "minecraft:cold_taiga"
      },
      {
         "id" : 31,
         "name" : "minecraft:cold_taiga_hills"
      },
      {
         "id" : 158,
         "name" : "minecraft:cold_taiga_mutated"
      },
      {
         "id" : 179,
         "name" : "minecraft:crimson_forest"
      },
      {
         "id" : 45,
         "name" : "minecraft:deep_cold_ocean"
      },
      {
         "id" : 190,
         "name" : "minecraft:deep_dark"
      },
      {
         "id" : 47,
         "name" : "minecraft:deep_frozen_ocean"
      },
      {
         "id" : 43,
         "name" : "minecraft:deep_lukewarm_ocean"
      },
      {
         "id" : 24,
         "name" : "minecraft:deep_ocean"
      },
      {
         "id" : 41,
         "name" : "minecraft:deep_warm_ocean"
      },
      {
         "id" : 2,
         "name" : "minecraft:desert"
      },
      {
         "id" : 17,
         "name" : "minecraft:desert_hills"
      },
      {
         "id" : 130,
         "name" : "minecraft:desert_mutated"
      },
      {
         "id" : 188,
         "name" : "minecraft:dripstone_caves"
      },
      {
         "id" : 3,
         "name" : "minecraft:extreme_hills"
      },
      {
         "id" : 20,
         "name" : "minecraft:extreme_hills_edge"
      },
      {
         "id" : 131,
         "name" : "minecraft:extreme_hills_mutated"
      },
      {
         "id" : 34,
         "name" : "minecraft:extreme_hills_plus_trees"
      },
      {
         "id" : 162,
         "name" : "minecraft:extreme_hills_plus_trees_mutated"
      },
      {
         "id" : 132,
         "name" : "minecraft:flower_forest"
      },
      {
         "id" : 4,
         "name" : "minecraft:forest"
      },
      {
         "id" : 18,
         "name" : "minecraft:forest_hills"
      },
      {
         "id" : 46,
         "name" : "minecraft:frozen_ocean"
      },
      {
         "id" : 183,
         "name" : "minecraft:frozen_peaks"
      },
      {
         "id" : 11,
         "name" : "minecraft:frozen_river"
      },
      {
         "id" : 185,
         "name" : "minecraft:grove"
      },
      {
         "id" : 8,
         "name" : "minecraft:hell"
      },
      {
         "id" : 13,
         "name" : "minecraft:ice_mountains"
      },
      {
         "id" : 12,
         "name" : "minecraft:ice_plains"
      },
      {
         "id" : 140,
         "name" : "minecraft:ice_plains_spikes"
      },
      {
         "id" : 182,
         "name" : "minecraft:jagged_peaks"
      },
      {
         "id" : 21,
         "name" : "minecraft:jungle"
      },
      {
         "id" : 23,
         "name" : "minecraft:jungle_edge"
      },
      {
         "id" : 151,
         "name" : "minecraft:jungle_edge_mutated"
      },
      {
         "id" : 22,
         "name" : "minecraft:jungle_hills"
      },
      {
         "id" : 149,
         "name" : "minecraft:jungle_mutated"
      },
      {
         "id" : 10,
         "name" : "minecraft:legacy_frozen_ocean"
      },
      {
         "id" : 42,
         "name" : "minecraft:lukewarm_ocean"
      },
      {
         "id" : 187,
         "name" : "minecraft:lush_caves"
      },
      {
         "id" : 191,
         "name" : "minecraft:mangrove_swamp"
      },
      {
         "id" : 186,
         "name" : "minecraft:meadow"
      },
      {
         "id" : 32,
         "name" : "minecraft:mega_taiga"
      },
      {
         "id" : 33,
         "name" : "minecraft:mega_taiga_hills"
      },
      {
         "id" : 37,
         "name" : "minecraft:mesa"
      },
      {
         "id" : 165,
         "name" : "minecraft:mesa_bryce"
      },
      {
         "id" : 39,
         "name" : "minecraft:mesa_plateau"
      },
      {
         "id" : 167,
         "name" : "minecraft:mesa_plateau_mutated"
      },
      {
         "id" : 38,
         "name" : "minecraft:mesa_plateau_stone"
      },
      {
         "id" : 166,
         "name" : "minecraft:mesa_plateau_stone_mutated"
      },
      {
         "id" : 14,
         "name" : "minecraft:mushroom_island"
      },
      {
         "id" : 15,
         "name" : "minecraft:mushroom_island_shore"
      },
      {
         "id" : 0,
         "name" : "minecraft:ocean"
      },
      {
         "id" : 193,
         "name" : "minecraft:pale_garden"
      },
      {
         "id" : 1,
         "name" : "minecraft:plains"
      },
      {
         "id" : 161,
         "name" : "minecraft:redwood_taiga_hills_mutated"
      },
      {
         "id" : 160,
         "name" : "minecraft:redwood_taiga_mutated"
      },
      {
         "id" : 7,
         "name" : "minecraft:river"
      },
      {
         "id" : 29,
         "name" : "minecraft:roofed_forest"
      },
      {
         "id" : 157,
         "name" : "minecraft:roofed_forest_mutated"
      },
      {
         "id" : 35,
         "name" : "minecraft:savanna"
      },
      {
         "id" : 163,
         "name" : "minecraft:savanna_mutated"
      },
      {
         "id" : 36,
         "name" : "minecraft:savanna_plateau"
      },
      {
         "id" : 164,
         "name" : "minecraft:savanna_plateau_mutated"
      },
      {
         "id" : 184,
         "name" : "minecraft:snowy_slopes"
      },
      {
         "id" : 178,
         "name" : "minecraft:soulsand_valley"
      },
      {
         "id" : 25,
         "name" : "minecraft:stone_beach"
      },
      {
         "id" : 189,
         "name" : "minecraft:stony_peaks"
      },
      {
         "id" : 129,
         "name" : "minecraft:sunflower_plains"
      },
      {
         "id" : 6,
         "name" : "minecraft:swampland"
      },
      {
         "id" : 134,
         "name" : "minecraft:swampland_mutated"
      },
      {
         "id" : 5,
         "name" : "minecraft:taiga"
      },
      {
         "id" : 19,
         "name" : "minecraft:taiga_hills"
      },
      {
         "id" : 133,
         "name" : "minecraft:taiga_mutated"
      },
      {
         "id" : 9,
         "name" : "minecraft:the_end"
      },
      {
         "id" : 40,
         "name" : "minecraft:warm_ocean"
      },
      {
         "id" : 180,
         "name" : "minecraft:warped_forest"
      }
   ],
   "minecraft_version" : "1.21.120-beta.22",
   "module_type" : "vanilla_data",
   "name" : "mojang-biome",
   "vanilla_data_type" : "biome"
}
