{
   "data_items" : [
      {
         "name" : "minecraft:control_scheme_camera"
      },
      {
         "name" : "minecraft:first_person"
      },
      {
         "name" : "minecraft:fixed_boom"
      },
      {
         "name" : "minecraft:follow_orbit"
      },
      {
         "name" : "minecraft:free"
      },
      {
         "name" : "minecraft:third_person"
      },
      {
         "name" : "minecraft:third_person_front"
      }
   ],
   "minecraft_version" : "1.21.120-beta.22",
   "module_type" : "vanilla_data",
   "name" : "mojang-cameraPresets",
   "vanilla_data_type" : "cameraPresets"
}
