{
   "data_items" : [
      {
         "name" : "minecraft:chorusfruit"
      },
      {
         "name" : "minecraft:ender_pearl"
      },
      {
         "name" : "minecraft:goat_horn"
      },
      {
         "name" : "minecraft:shield"
      },
      {
         "name" : "minecraft:wind_charge"
      }
   ],
   "minecraft_version" : "1.21.120-beta.22",
   "module_type" : "vanilla_data",
   "name" : "mojang-cooldownCategory",
   "vanilla_data_type" : "cooldownCategory"
}
