{
   "data_items" : [
      {
         "name" : "minecraft:ancient_city"
      },
      {
         "name" : "minecraft:bastion_remnant"
      },
      {
         "name" : "minecraft:buried_treasure"
      },
      {
         "name" : "minecraft:end_city"
      },
      {
         "name" : "minecraft:fortress"
      },
      {
         "name" : "minecraft:mansion"
      },
      {
         "name" : "minecraft:mineshaft"
      },
      {
         "name" : "minecraft:monument"
      },
      {
         "name" : "minecraft:pillager_outpost"
      },
      {
         "name" : "minecraft:ruined_portal"
      },
      {
         "name" : "minecraft:ruins"
      },
      {
         "name" : "minecraft:shipwreck"
      },
      {
         "name" : "minecraft:stronghold"
      },
      {
         "name" : "minecraft:temple"
      },
      {
         "name" : "minecraft:trail_ruins"
      },
      {
         "name" : "minecraft:trial_chambers"
      },
      {
         "name" : "minecraft:village"
      }
   ],
   "minecraft_version" : "1.21.120-beta.22",
   "module_type" : "vanilla_data",
   "name" : "mojang-feature",
   "vanilla_data_type" : "feature"
}
