{
    "$schema": "http://json-schema.org/draft-07/schema#",
    "$id": "1678203137",
    "x-format-version": "1.21.60",
    "x-minecraft-version": "1.21.110-beta.25",
    "definitions": {
        "3571599612": {
            "title": "Crafting Catalog Group",
            "type": "object",
            "properties": {
                "group_identifier": {
                    "$ref": "#/definitions/2254328111"
                },
                "items": {
                    "type": "array",
                    "items": {
                        "$ref": "#/definitions/2438968950"
                    }
                }
            },
            "required": [
                "items"
            ]
        },
        "2254328111": {
            "title": "Crafting Catalog Group Icon",
            "type": "object",
            "properties": {
                "icon": {
                    "$ref": "#/definitions/2438968950"
                },
                "name": {
                    "type": "string",
                    "pattern": "^(?:.)+:(?:.)+$"
                }
            },
            "required": [
                "name"
            ]
        },
        "2438968950": {
            "title": "Crafting Catalog Item",
            "oneOf": [
                {
                    "$ref": "#/definitions/3470474886",
                    "pattern": "^(?:.)+:(?:.)+$"
                },
                {
                    "type": "object",
                    "properties": {
                        "name": {
                            "$ref": "#/definitions/3470474886",
                            "pattern": "^(?:.)+:(?:.)+$"
                        }
                    },
                    "required": [
                        "name"
                    ]
                }
            ]
        },
        "3470474886": {
            "title": "Reference",
            "type": "string"
        }
    },
    "title": "Crafting Catalog Category",
    "type": "object",
    "properties": {
        "category_name": {
            "title": "CraftingCatalogItemCategory",
            "type": "string",
            "enum": [
                "construction",
                "nature",
                "equipment",
                "items"
            ]
        },
        "groups": {
            "type": "array",
            "items": {
                "$ref": "#/definitions/3571599612"
            }
        }
    },
    "required": [
        "category_name",
        "groups"
    ]
}