{
    "$schema": "http://json-schema.org/draft-07/schema#",
    "$id": "1618184314",
    "x-format-version": "1.20.60",
    "x-minecraft-version": "1.21.110-beta.25",
    "definitions": {
        "3504177219": {
            "title": "Reference",
            "type": "string"
        }
    },
    "title": "minecraft:icon",
    "oneOf": [
        {
            "type": "string"
        },
        {
            "type": "object",
            "properties": {
                "textures": {
                    "type": "object",
                    "additionalProperties": {
                        "$ref": "#/definitions/3504177219"
                    }
                }
            }
        }
    ]
}