{
    "$schema": "http://json-schema.org/draft-07/schema#",
    "$id": "120997796",
    "x-format-version": "1.21.30",
    "x-minecraft-version": "1.21.120-beta.22",
    "definitions": {
        "1531870811": {
            "title": "Item Descriptor",
            "oneOf": [
                {
                    "type": "string"
                },
                {
                    "type": "object",
                    "additionalProperties": {
                        "type": "string"
                    }
                }
            ]
        }
    },
    "title": "minecraft:storage_item",
    "type": "object",
    "properties": {
        "allow_nested_storage_items": {
            "type": "boolean"
        },
        "allowed_items": {
            "type": "array",
            "items": {
                "$ref": "#/definitions/1531870811"
            }
        },
        "banned_items": {
            "type": "array",
            "items": {
                "$ref": "#/definitions/1531870811"
            }
        },
        "max_slots": {
            "type": "integer",
            "maximum": 64.0
        },
        "max_weight_limit": {
            "type": "integer",
            "maximum": 64.0
        },
        "weight_in_storage_item": {
            "type": "integer",
            "minimum": 0.0
        }
    }
}