{
    "$schema": "http://json-schema.org/draft-07/schema#",
    "$id": "801168425",
    "x-format-version": "1.21.10",
    "x-minecraft-version": "1.21.120-beta.22",
    "definitions": {
        "2715320761": {
            "title": "hashed_string",
            "type": "string"
        },
        "1137812873": {
            "title": "File Reference",
            "type": "string"
        }
    },
    "title": "particle_effect basic_render_parameters",
    "type": "object",
    "properties": {
        "material": {
            "$ref": "#/definitions/2715320761"
        },
        "texture": {
            "$ref": "#/definitions/1137812873"
        }
    },
    "required": [
        "material",
        "texture"
    ]
}