{
    "$schema": "http://json-schema.org/draft-07/schema#",
    "$id": "800202529",
    "x-format-version": "1.20.60",
    "x-minecraft-version": "1.21.102",
    "title": "minecraft:climate",
    "type": "object",
    "properties": {
        "ash": {
            "type": "number"
        },
        "blue_spores": {
            "type": "number"
        },
        "downfall": {
            "type": "number"
        },
        "red_spores": {
            "type": "number"
        },
        "snow_accumulation": {
            "type": "array",
            "items": {
                "type": "number"
            },
            "minItems": 2,
            "maxItems": 2
        },
        "temperature": {
            "type": "number"
        },
        "white_ash": {
            "type": "number"
        }
    }
}