{
    "$schema": "http://json-schema.org/draft-07/schema#",
    "$id": "4147961405",
    "x-format-version": "1.21.40",
    "x-minecraft-version": "1.21.120-beta.21",
    "definitions": {
        "3915697282": {
            "title": "Color255RGB",
            "oneOf": [
                {
                    "type": "string",
                    "pattern": "^#[a-fA-F0-9]{6}$"
                },
                {
                    "type": "array",
                    "items": {
                        "type": "integer"
                    },
                    "minItems": 3,
                    "maxItems": 3
                }
            ],
            "$metaProperties": {
                "CEREAL_EDITOR_SCHEMA_TAG": "type:color"
            }
        },
        "2791086866": {
            "title": "Foliage Color Map",
            "type": "object",
            "properties": {
                "color_map": {
                    "title": "Foliage Colormap",
                    "type": "string",
                    "enum": [
                        "foliage",
                        "birch",
                        "evergreen",
                        "mangrove_swamp_foliage",
                        "swamp_foliage"
                    ]
                }
            },
            "required": [
                "color_map"
            ]
        }
    },
    "title": "minecraft:foliage_appearance",
    "type": "object",
    "properties": {
        "color": {
            "oneOf": [
                {
                    "$ref": "#/definitions/3915697282"
                },
                {
                    "$ref": "#/definitions/2791086866"
                }
            ]
        }
    }
}