{
    "$schema": "http://json-schema.org/draft-07/schema#",
    "$id": "1894305624",
    "x-format-version": "1.21.40",
    "x-minecraft-version": "1.21.110-beta.25",
    "title": "Grass Color Map",
    "type": "object",
    "properties": {
        "color_map": {
            "title": "Grass Colormap",
            "type": "string",
            "enum": [
                "grass",
                "swamp_grass"
            ]
        }
    },
    "required": [
        "color_map"
    ]
}