{
    "$schema": "http://json-schema.org/draft-07/schema#",
    "$id": "2438968950",
    "x-format-version": "1.21.60",
    "x-minecraft-version": "1.21.102",
    "title": "Crafting Catalog Item",
    "oneOf": [
        {
            "type": "string",
            "pattern": "^(?:.)+:(?:.)+$"
        },
        {
            "type": "object",
            "properties": {
                "name": {
                    "type": "string",
                    "pattern": "^(?:.)+:(?:.)+$"
                }
            },
            "required": [
                "name"
            ]
        }
    ]
}