{
    "$schema": "http://json-schema.org/draft-07/schema#",
    "$id": "2176758423",
    "x-format-version": "1.21.10",
    "x-minecraft-version": "1.21.102",
    "definitions": {
        "3178719147": {
            "title": "Molang expression",
            "oneOf": [
                {
                    "$ref": "#/definitions/2267778531"
                },
                {
                    "type": "number"
                }
            ]
        },
        "2267778531": {
            "title": "Molang string",
            "oneOf": [
                {
                    "type": "string"
                },
                {
                    "type": "object",
                    "properties": {
                        "expression": {
                            "type": "string"
                        },
                        "version": {
                            "type": "integer"
                        }
                    },
                    "required": [
                        "expression",
                        "version"
                    ]
                }
            ]
        }
    },
    "title": "Scatter Chance",
    "oneOf": [
        {
            "$ref": "#/definitions/3178719147"
        },
        {
            "type": "object",
            "properties": {
                "denominator": {
                    "type": "integer",
                    "minimum": 1.0
                },
                "numerator": {
                    "type": "integer",
                    "minimum": 1.0
                }
            },
            "required": [
                "denominator",
                "numerator"
            ]
        }
    ]
}