{
    "$schema": "http://json-schema.org/draft-07/schema#",
    "$id": "1416782588",
    "x-format-version": "1.21.110",
    "x-minecraft-version": "1.21.120-beta.22",
    "definitions": {
        "4004946602": {
            "title": "vec3",
            "oneOf": [
                {
                    "type": "array",
                    "items": {
                        "type": "number"
                    },
                    "minItems": 3,
                    "maxItems": 3
                },
                {
                    "type": "object",
                    "properties": {
                        "x": {
                            "type": "number"
                        },
                        "y": {
                            "type": "number"
                        },
                        "z": {
                            "type": "number"
                        }
                    }
                }
            ]
        },
        "4058918574": {
            "title": "Description",
            "type": "object",
            "properties": {
                "identifier": {
                    "type": "string",
                    "pattern": "^\\w+:\\w+$"
                }
            },
            "required": [
                "identifier"
            ]
        },
        "151044153": {
            "title": "Shape",
            "type": "object",
            "properties": {
                "boxes": {
                    "type": "array",
                    "items": {
                        "$ref": "#/definitions/2305154765"
                    },
                    "minItems": 1
                }
            },
            "required": [
                "boxes"
            ]
        },
        "2305154765": {
            "title": "Box",
            "type": "object",
            "properties": {
                "max": {
                    "$ref": "#/definitions/4004946602"
                },
                "min": {
                    "$ref": "#/definitions/4004946602"
                }
            },
            "required": [
                "max",
                "min"
            ]
        }
    },
    "title": "VoxelShapeFile",
    "type": "object",
    "properties": {
        "description": {
            "$ref": "#/definitions/4058918574"
        },
        "shape": {
            "$ref": "#/definitions/151044153"
        }
    },
    "required": [
        "description",
        "shape"
    ]
}