{
    "$schema": "http://json-schema.org/draft-07/schema#",
    "$id": "3907782844",
    "x-format-version": "1.21.0",
    "x-minecraft-version": "1.21.120-beta.22",
    "definitions": {
        "771176265": {
            "title": "VectorEvents",
            "oneOf": [
                {
                    "type": "array",
                    "items": {
                        "$ref": "#/definitions/2715320761"
                    }
                },
                {
                    "$ref": "#/definitions/2715320761"
                }
            ]
        },
        "2715320761": {
            "title": "hashed_string",
            "type": "string"
        }
    },
    "title": "emitter_lifetime_events travel_distance_events",
    "type": "object",
    "properties": {
        "distance": {
            "type": "number",
            "minimum": 0.0
        },
        "effects": {
            "$ref": "#/definitions/771176265"
        }
    },
    "required": [
        "distance",
        "effects"
    ]
}