{
    "$schema": "http://json-schema.org/draft-07/schema#",
    "$id": "1684720476",
    "x-format-version": "1.21.0",
    "x-minecraft-version": "1.21.120-beta.22",
    "definitions": {
        "2715320761": {
            "title": "hashed_string",
            "type": "string"
        },
        "771176265": {
            "title": "VectorEvents",
            "oneOf": [
                {
                    "type": "array",
                    "items": {
                        "$ref": "#/definitions/2715320761"
                    }
                },
                {
                    "$ref": "#/definitions/2715320761"
                }
            ]
        },
        "3907782844": {
            "title": "emitter_lifetime_events travel_distance_events",
            "type": "object",
            "properties": {
                "distance": {
                    "type": "number",
                    "minimum": 0.0
                },
                "effects": {
                    "$ref": "#/definitions/771176265"
                }
            },
            "required": [
                "distance",
                "effects"
            ]
        }
    },
    "title": "emitter_lifetime_events",
    "type": "object",
    "properties": {
        "creation_event": {
            "$ref": "#/definitions/771176265"
        },
        "expiration_event": {
            "$ref": "#/definitions/771176265"
        },
        "looping_travel_distance_events": {
            "type": "array",
            "items": {
                "$ref": "#/definitions/3907782844"
            }
        },
        "timeline": {
            "type": "object",
            "additionalProperties": {
                "$ref": "#/definitions/771176265"
            }
        },
        "travel_distance_events": {
            "type": "object",
            "additionalProperties": {
                "$ref": "#/definitions/771176265"
            }
        }
    }
}