{
    "$schema": "http://json-schema.org/draft-07/schema#",
    "$id": "3076687790",
    "x-format-version": "1.20.60",
    "x-minecraft-version": "1.21.120-beta.22",
    "definitions": {
        "1527037515": {
            "title": "Reference",
            "type": "string"
        }
    },
    "title": "Block Specifier",
    "oneOf": [
        {
            "$ref": "#/definitions/1527037515"
        },
        {
            "type": "object",
            "properties": {
                "name": {
                    "$ref": "#/definitions/1527037515"
                },
                "states": {
                    "type": "object",
                    "additionalProperties": {
                        "oneOf": [
                            {
                                "type": "integer"
                            },
                            {
                                "type": "boolean"
                            },
                            {
                                "type": "string"
                            }
                        ]
                    }
                }
            },
            "required": [
                "name"
            ]
        }
    ]
}