{
   "data_items" : [
      {
         "name" : "minecraft:aqua_affinity"
      },
      {
         "name" : "minecraft:bane_of_arthropods"
      },
      {
         "name" : "minecraft:binding"
      },
      {
         "name" : "minecraft:blast_protection"
      },
      {
         "name" : "minecraft:bow_infinity",
         "value" : "minecraft:infinity"
      },
      {
         "name" : "minecraft:breach"
      },
      {
         "name" : "minecraft:channeling"
      },
      {
         "name" : "minecraft:density"
      },
      {
         "name" : "minecraft:depth_strider"
      },
      {
         "name" : "minecraft:efficiency"
      },
      {
         "name" : "minecraft:feather_falling"
      },
      {
         "name" : "minecraft:fire_aspect"
      },
      {
         "name" : "minecraft:fire_protection"
      },
      {
         "name" : "minecraft:flame"
      },
      {
         "name" : "minecraft:fortune"
      },
      {
         "name" : "minecraft:frost_walker"
      },
      {
         "name" : "minecraft:impaling"
      },
      {
         "name" : "minecraft:knockback"
      },
      {
         "name" : "minecraft:looting"
      },
      {
         "name" : "minecraft:loyalty"
      },
      {
         "name" : "minecraft:luck_of_the_sea"
      },
      {
         "name" : "minecraft:lure"
      },
      {
         "name" : "minecraft:mending"
      },
      {
         "name" : "minecraft:multishot"
      },
      {
         "name" : "minecraft:piercing"
      },
      {
         "name" : "minecraft:power"
      },
      {
         "name" : "minecraft:projectile_protection"
      },
      {
         "name" : "minecraft:protection"
      },
      {
         "name" : "minecraft:punch"
      },
      {
         "name" : "minecraft:quick_charge"
      },
      {
         "name" : "minecraft:respiration"
      },
      {
         "name" : "minecraft:riptide"
      },
      {
         "name" : "minecraft:sharpness"
      },
      {
         "name" : "minecraft:silk_touch"
      },
      {
         "name" : "minecraft:smite"
      },
      {
         "name" : "minecraft:soul_speed"
      },
      {
         "name" : "minecraft:swift_sneak"
      },
      {
         "name" : "minecraft:thorns"
      },
      {
         "name" : "minecraft:unbreaking"
      },
      {
         "name" : "minecraft:vanishing"
      },
      {
         "name" : "minecraft:wind_burst"
      }
   ],
   "minecraft_version" : "1.21.110-beta.25",
   "module_type" : "vanilla_data",
   "name" : "mojang-enchantment",
   "vanilla_data_type" : "enchantment"
}
