{
   "data_items" : [
      {
         "name" : "FireResistance"
      },
      {
         "name" : "Harming"
      },
      {
         "name" : "Healing"
      },
      {
         "name" : "Infested"
      },
      {
         "name" : "Invisibility"
      },
      {
         "name" : "Leaping"
      },
      {
         "name" : "NightVision"
      },
      {
         "name" : "None"
      },
      {
         "name" : "Oozing"
      },
      {
         "name" : "Poison"
      },
      {
         "name" : "SlowFalling"
      },
      {
         "name" : "Slowing"
      },
      {
         "name" : "Strength"
      },
      {
         "name" : "Swiftness"
      },
      {
         "name" : "TurtleMaster"
      },
      {
         "name" : "WaterBreath"
      },
      {
         "name" : "Weakness"
      },
      {
         "name" : "Weaving"
      },
      {
         "name" : "WindCharged"
      },
      {
         "name" : "Wither"
      }
   ],
   "minecraft_version" : "1.21.110-beta.22",
   "module_type" : "vanilla_data",
   "name" : "mojang-potionEffect",
   "vanilla_data_type" : "potionEffect"
}
