{
   "data_items" : [
      {
         "name" : "minecraft:awkward"
      },
      {
         "name" : "minecraft:fire_resistance"
      },
      {
         "name" : "minecraft:harming"
      },
      {
         "name" : "minecraft:healing"
      },
      {
         "name" : "minecraft:infested"
      },
      {
         "name" : "minecraft:invisibility"
      },
      {
         "name" : "minecraft:leaping"
      },
      {
         "name" : "minecraft:long_fire_resistance"
      },
      {
         "name" : "minecraft:long_invisibility"
      },
      {
         "name" : "minecraft:long_leaping"
      },
      {
         "name" : "minecraft:long_mundane"
      },
      {
         "name" : "minecraft:long_nightvision"
      },
      {
         "name" : "minecraft:long_poison"
      },
      {
         "name" : "minecraft:long_regeneration"
      },
      {
         "name" : "minecraft:long_slow_falling"
      },
      {
         "name" : "minecraft:long_slowness"
      },
      {
         "name" : "minecraft:long_strength"
      },
      {
         "name" : "minecraft:long_swiftness"
      },
      {
         "name" : "minecraft:long_turtle_master"
      },
      {
         "name" : "minecraft:long_water_breathing"
      },
      {
         "name" : "minecraft:long_weakness"
      },
      {
         "name" : "minecraft:mundane"
      },
      {
         "name" : "minecraft:nightvision"
      },
      {
         "name" : "minecraft:oozing"
      },
      {
         "name" : "minecraft:poison"
      },
      {
         "name" : "minecraft:regeneration"
      },
      {
         "name" : "minecraft:slow_falling"
      },
      {
         "name" : "minecraft:slowness"
      },
      {
         "name" : "minecraft:strength"
      },
      {
         "name" : "minecraft:strong_harming"
      },
      {
         "name" : "minecraft:strong_healing"
      },
      {
         "name" : "minecraft:strong_leaping"
      },
      {
         "name" : "minecraft:strong_poison"
      },
      {
         "name" : "minecraft:strong_regeneration"
      },
      {
         "name" : "minecraft:strong_slowness"
      },
      {
         "name" : "minecraft:strong_strength"
      },
      {
         "name" : "minecraft:strong_swiftness"
      },
      {
         "name" : "minecraft:strong_turtle_master"
      },
      {
         "name" : "minecraft:swiftness"
      },
      {
         "name" : "minecraft:thick"
      },
      {
         "name" : "minecraft:turtle_master"
      },
      {
         "name" : "minecraft:water"
      },
      {
         "name" : "minecraft:water_breathing"
      },
      {
         "name" : "minecraft:weakness"
      },
      {
         "name" : "minecraft:weaving"
      },
      {
         "name" : "minecraft:wind_charged"
      },
      {
         "name" : "minecraft:wither"
      }
   ],
   "minecraft_version" : "1.21.120-beta.21",
   "module_type" : "vanilla_data",
   "name" : "mojang-potionEffect",
   "vanilla_data_type" : "potionEffect"
}
