{
    "$schema": "http://json-schema.org/draft-07/schema#",
    "$id": "3830059653",
    "x-format-version": "1.21.110",
    "x-minecraft-version": "1.21.110-beta.25",
    "title": "minecraft:precipitation",
    "type": "object",
    "properties": {
        "ash": {
            "type": "number"
        },
        "blue_spores": {
            "type": "number"
        },
        "red_spores": {
            "type": "number"
        },
        "white_ash": {
            "type": "number"
        }
    }
}