{
    "$schema": "http://json-schema.org/draft-07/schema#",
    "$id": "2103393334",
    "x-format-version": "MISSING VERSION",
    "x-minecraft-version": "1.21.102",
    "title": "commands",
    "type": "object",
    "properties": {
        "default_permission_level": {
            "title": "command_permission_level",
            "type": "string",
            "enum": [
                "any",
                "game_directors",
                "admin",
                "host",
                "owner",
                "internal"
            ]
        },
        "permission_levels": {
            "type": "object",
            "additionalProperties": {
                "title": "command_permission_level",
                "type": "string",
                "enum": [
                    "any",
                    "game_directors",
                    "admin",
                    "host",
                    "owner",
                    "internal"
                ]
            }
        }
    }
}