{
    "$schema": "http://json-schema.org/draft-07/schema#",
    "$id": "2681068491",
    "x-format-version": "1.20.50",
    "x-minecraft-version": "1.21.120-beta.22",
    "definitions": {
        "1531870811": {
            "title": "Item Descriptor",
            "oneOf": [
                {
                    "type": "string"
                },
                {
                    "type": "object",
                    "additionalProperties": {
                        "type": "string"
                    }
                }
            ]
        }
    },
    "title": "Ammunition",
    "type": "object",
    "properties": {
        "item": {
            "$ref": "#/definitions/1531870811"
        },
        "search_inventory": {
            "type": "boolean"
        },
        "use_in_creative": {
            "type": "boolean"
        },
        "use_offhand": {
            "type": "boolean"
        }
    },
    "required": [
        "item"
    ]
}