{
    "$schema": "http://json-schema.org/draft-07/schema#",
    "$id": "3173009623",
    "x-format-version": "1.20.50",
    "x-minecraft-version": "1.21.120-beta.22",
    "title": "minecraft:damage",
    "oneOf": [
        {
            "type": "integer",
            "minimum": 0.0
        },
        {
            "type": "object",
            "properties": {
                "value": {
                    "type": "integer",
                    "minimum": 0.0
                }
            }
        }
    ]
}