{
    "$schema": "http://json-schema.org/draft-07/schema#",
    "$id": "1658474219",
    "x-format-version": "1.20.50",
    "x-minecraft-version": "1.21.120-beta.22",
    "definitions": {
        "2267778531": {
            "title": "Molang string",
            "oneOf": [
                {
                    "type": "string"
                },
                {
                    "type": "object",
                    "properties": {
                        "expression": {
                            "type": "string"
                        },
                        "version": {
                            "type": "integer"
                        }
                    },
                    "required": [
                        "expression",
                        "version"
                    ]
                }
            ]
        },
        "3256164975": {
            "title": "Repair",
            "oneOf": [
                {
                    "type": "array",
                    "items": {
                        "$ref": "#/definitions/1531870811"
                    }
                },
                {
                    "type": "object",
                    "properties": {
                        "items": {
                            "type": "array",
                            "items": {
                                "$ref": "#/definitions/1531870811"
                            }
                        },
                        "repair_amount": {
                            "$ref": "#/definitions/3178719147"
                        }
                    },
                    "required": [
                        "items"
                    ]
                }
            ]
        },
        "1531870811": {
            "title": "Item Descriptor",
            "oneOf": [
                {
                    "type": "string"
                },
                {
                    "type": "object",
                    "additionalProperties": {
                        "type": "string"
                    }
                }
            ]
        },
        "3178719147": {
            "title": "Molang expression",
            "oneOf": [
                {
                    "$ref": "#/definitions/2267778531"
                },
                {
                    "type": "number"
                }
            ]
        }
    },
    "title": "minecraft:repairable",
    "type": "object",
    "properties": {
        "repair_items": {
            "type": "array",
            "items": {
                "$ref": "#/definitions/3256164975"
            }
        }
    }
}