{
    "$schema": "http://json-schema.org/draft-07/schema#",
    "$id": "3715727616",
    "x-format-version": "1.20.50",
    "x-minecraft-version": "1.21.120-beta.22",
    "title": "minecraft:throwable",
    "type": "object",
    "properties": {
        "do_swing_animation": {
            "type": "boolean"
        },
        "launch_power_scale": {
            "type": "number"
        },
        "max_draw_duration": {
            "type": "number"
        },
        "max_launch_power": {
            "type": "number"
        },
        "min_draw_duration": {
            "type": "number"
        },
        "scale_power_by_draw_duration": {
            "type": "boolean"
        }
    }
}