{
    "$schema": "http://json-schema.org/draft-07/schema#",
    "$id": "357194639",
    "x-format-version": "1.21.90",
    "x-minecraft-version": "1.21.110-beta.25",
    "definitions": {
        "658145120": {
            "title": "minecraft:sky_color",
            "type": "object",
            "properties": {
                "sky_color": {
                    "$ref": "#/definitions/3915697282"
                }
            },
            "required": [
                "sky_color"
            ]
        },
        "751048717": {
            "title": "Client Biome Definition",
            "type": "object",
            "properties": {
                "components": {
                    "$ref": "#/definitions/2282391920"
                },
                "description": {
                    "$ref": "#/definitions/627767384"
                }
            },
            "required": [
                "components",
                "description"
            ]
        },
        "627767384": {
            "title": "Client Biome Description",
            "type": "object",
            "properties": {
                "identifier": {
                    "type": "string",
                    "pattern": "^[a-z0-9._%+-]+:[a-z0-9._%+-]+$"
                }
            },
            "required": [
                "identifier"
            ]
        },
        "2571640896": {
            "title": "minecraft:lighting_identifier",
            "type": "object",
            "properties": {
                "lighting_identifier": {
                    "$ref": "#/definitions/1322645464"
                }
            },
            "required": [
                "lighting_identifier"
            ]
        },
        "1527331705": {
            "title": "Reference",
            "type": "string"
        },
        "2282391920": {
            "title": "Client Biome Components",
            "type": "object",
            "properties": {
                "minecraft:ambient_sounds": {
                    "$ref": "#/definitions/2544684648"
                },
                "minecraft:atmosphere_identifier": {
                    "$ref": "#/definitions/3762876268"
                },
                "minecraft:biome_music": {
                    "$ref": "#/definitions/4184661767"
                },
                "minecraft:color_grading_identifier": {
                    "$ref": "#/definitions/3904986305"
                },
                "minecraft:dry_foliage_color": {
                    "$ref": "#/definitions/444653910"
                },
                "minecraft:fog_appearance": {
                    "$ref": "#/definitions/783532490"
                },
                "minecraft:foliage_appearance": {
                    "$ref": "#/definitions/3713296728"
                },
                "minecraft:grass_appearance": {
                    "$ref": "#/definitions/569860384"
                },
                "minecraft:lighting_identifier": {
                    "$ref": "#/definitions/2571640896"
                },
                "minecraft:sky_color": {
                    "$ref": "#/definitions/658145120"
                },
                "minecraft:water_appearance": {
                    "$ref": "#/definitions/4061100221"
                },
                "minecraft:water_identifier": {
                    "$ref": "#/definitions/2503601769"
                }
            }
        },
        "3762876268": {
            "title": "minecraft:atmosphere_identifier",
            "type": "object",
            "properties": {
                "atmosphere_identifier": {
                    "$ref": "#/definitions/1527331705"
                }
            },
            "required": [
                "atmosphere_identifier"
            ]
        },
        "379658027": {
            "title": "Reference",
            "type": "string"
        },
        "2544684648": {
            "title": "minecraft:ambient_sounds",
            "type": "object",
            "properties": {
                "addition": {
                    "$ref": "#/definitions/379658027"
                },
                "loop": {
                    "$ref": "#/definitions/379658027"
                },
                "mood": {
                    "$ref": "#/definitions/379658027"
                }
            }
        },
        "569860384": {
            "title": "minecraft:grass_appearance",
            "type": "object",
            "properties": {
                "color": {
                    "oneOf": [
                        {
                            "$ref": "#/definitions/3915697282"
                        },
                        {
                            "$ref": "#/definitions/1894305624"
                        }
                    ]
                }
            }
        },
        "3915697282": {
            "title": "Color255RGB",
            "oneOf": [
                {
                    "type": "string",
                    "pattern": "^#[a-fA-F0-9]{6}$"
                },
                {
                    "type": "array",
                    "items": {
                        "type": "integer"
                    },
                    "minItems": 3,
                    "maxItems": 3
                }
            ],
            "$metaProperties": {
                "CEREAL_EDITOR_SCHEMA_TAG": "type:color"
            }
        },
        "3471754814": {
            "title": "Reference",
            "type": "string"
        },
        "1894305624": {
            "title": "Grass Color Map",
            "type": "object",
            "properties": {
                "color_map": {
                    "title": "Grass Colormap",
                    "type": "string",
                    "enum": [
                        "grass",
                        "swamp_grass"
                    ]
                }
            },
            "required": [
                "color_map"
            ]
        },
        "4184661767": {
            "title": "minecraft:biome_music",
            "type": "object",
            "properties": {
                "music_definition": {
                    "$ref": "#/definitions/3471754814"
                },
                "volume_multiplier": {
                    "type": "number"
                }
            }
        },
        "3904986305": {
            "title": "minecraft:color_grading_identifier",
            "type": "object",
            "properties": {
                "color_grading_identifier": {
                    "$ref": "#/definitions/3673189651"
                }
            },
            "required": [
                "color_grading_identifier"
            ]
        },
        "3673189651": {
            "title": "Reference",
            "type": "string"
        },
        "3639487318": {
            "title": "Reference",
            "type": "string"
        },
        "444653910": {
            "title": "minecraft:dry_foliage_color",
            "type": "object",
            "properties": {
                "color": {
                    "$ref": "#/definitions/3915697282"
                }
            },
            "required": [
                "color"
            ]
        },
        "783532490": {
            "title": "minecraft:fog_appearance",
            "type": "object",
            "properties": {
                "fog_identifier": {
                    "$ref": "#/definitions/3639487318"
                }
            },
            "required": [
                "fog_identifier"
            ]
        },
        "3713296728": {
            "title": "minecraft:foliage_appearance",
            "type": "object",
            "properties": {
                "color": {
                    "oneOf": [
                        {
                            "$ref": "#/definitions/3915697282"
                        },
                        {
                            "$ref": "#/definitions/969725495"
                        }
                    ]
                }
            }
        },
        "969725495": {
            "title": "Foliage Color Map",
            "type": "object",
            "properties": {
                "color_map": {
                    "title": "Foliage Colormap",
                    "type": "string",
                    "enum": [
                        "foliage",
                        "birch",
                        "evergreen",
                        "mangrove_swamp_foliage",
                        "swamp_foliage",
                        "dry_foliage"
                    ]
                }
            },
            "required": [
                "color_map"
            ]
        },
        "1322645464": {
            "title": "Reference",
            "type": "string"
        },
        "4061100221": {
            "title": "minecraft:water_appearance",
            "type": "object",
            "properties": {
                "surface_color": {
                    "$ref": "#/definitions/3915697282"
                },
                "surface_opacity": {
                    "type": "number"
                }
            }
        },
        "2503601769": {
            "title": "minecraft:water_identifier",
            "type": "object",
            "properties": {
                "water_identifier": {
                    "$ref": "#/definitions/2527487449"
                }
            },
            "required": [
                "water_identifier"
            ]
        },
        "2527487449": {
            "title": "Reference",
            "type": "string"
        }
    },
    "title": "Client Biome JSON File",
    "type": "object",
    "properties": {
        "format_version": {
            "type": "string"
        },
        "minecraft:client_biome": {
            "$ref": "#/definitions/751048717"
        }
    },
    "required": [
        "format_version",
        "minecraft:client_biome"
    ]
}