{
    "$schema": "http://json-schema.org/draft-07/schema#",
    "$id": "101144416",
    "x-format-version": "1.21.10",
    "x-minecraft-version": "1.21.120-beta.21",
    "definitions": {
        "4184501408": {
            "title": "particle_motion_parametric",
            "type": "object",
            "properties": {
                "direction": {
                    "type": "array",
                    "items": {
                        "$ref": "#/definitions/3178719147"
                    },
                    "minItems": 3,
                    "maxItems": 3
                },
                "relative_position": {
                    "type": "array",
                    "items": {
                        "$ref": "#/definitions/3178719147"
                    },
                    "minItems": 3,
                    "maxItems": 3
                },
                "rotation": {
                    "$ref": "#/definitions/3178719147"
                }
            }
        },
        "795889148": {
            "title": "emitter_lifetime_once",
            "type": "object",
            "properties": {
                "active_time": {
                    "$ref": "#/definitions/3178719147"
                }
            }
        },
        "2751853296": {
            "title": "particle_motion_collision_event_vector",
            "oneOf": [
                {
                    "type": "array",
                    "items": {
                        "$ref": "#/definitions/2423881331"
                    }
                },
                {
                    "$ref": "#/definitions/2423881331"
                }
            ]
        },
        "2267676288": {
            "title": "emitter_lifetime_events proxy",
            "type": "object",
            "properties": {
                "creation_event": {
                    "$ref": "#/definitions/771176265"
                },
                "expiration_event": {
                    "$ref": "#/definitions/771176265"
                },
                "looping_travel_distance_events": {
                    "type": "array",
                    "items": {
                        "$ref": "#/definitions/3907782844"
                    }
                },
                "timeline": {
                    "type": "object",
                    "additionalProperties": {
                        "$ref": "#/definitions/771176265"
                    }
                },
                "travel_distance_events": {
                    "type": "object",
                    "additionalProperties": {
                        "$ref": "#/definitions/771176265"
                    }
                }
            }
        },
        "2715320761": {
            "title": "hashed_string",
            "type": "string"
        },
        "3178719147": {
            "title": "Molang expression",
            "oneOf": [
                {
                    "$ref": "#/definitions/2267778531"
                },
                {
                    "type": "number"
                }
            ]
        },
        "1959189662": {
            "title": "particle_appearance_tinting gradient",
            "oneOf": [
                {
                    "type": "array",
                    "items": {
                        "$ref": "#/definitions/2992796413"
                    }
                },
                {
                    "type": "object",
                    "additionalProperties": {
                        "$ref": "#/definitions/2992796413"
                    }
                }
            ]
        },
        "771176265": {
            "title": "VectorEvents",
            "oneOf": [
                {
                    "type": "array",
                    "items": {
                        "$ref": "#/definitions/2715320761"
                    }
                },
                {
                    "$ref": "#/definitions/2715320761"
                }
            ]
        },
        "2267778531": {
            "title": "Molang string",
            "oneOf": [
                {
                    "type": "string"
                },
                {
                    "type": "object",
                    "properties": {
                        "expression": {
                            "type": "string"
                        },
                        "version": {
                            "type": "integer"
                        }
                    },
                    "required": [
                        "expression",
                        "version"
                    ]
                }
            ]
        },
        "1399264962": {
            "title": "particle_emitter_direction",
            "oneOf": [
                {
                    "title": "direction_type",
                    "type": "string",
                    "enum": [
                        "inwards",
                        "outwards"
                    ]
                },
                {
                    "type": "array",
                    "items": {
                        "$ref": "#/definitions/3178719147"
                    },
                    "minItems": 3,
                    "maxItems": 3
                }
            ]
        },
        "3723416124": {
            "title": "emitter_shape_entity_aabb",
            "type": "object",
            "properties": {
                "direction": {
                    "$ref": "#/definitions/1399264962"
                },
                "surface_only": {
                    "type": "boolean"
                }
            }
        },
        "4239102682": {
            "title": "emitter_initialization",
            "type": "object",
            "properties": {
                "creation_expression": {
                    "$ref": "#/definitions/3178719147"
                },
                "per_update_expression": {
                    "$ref": "#/definitions/3178719147"
                }
            }
        },
        "1684720476": {
            "title": "emitter_lifetime_events",
            "$ref": "#/definitions/2267676288"
        },
        "2992796413": {
            "title": "color_expr",
            "oneOf": [
                {
                    "type": "array",
                    "items": {
                        "$ref": "#/definitions/3178719147"
                    },
                    "minItems": 4,
                    "maxItems": 4
                },
                {
                    "type": "string"
                }
            ]
        },
        "44664202": {
            "title": "emitter_rate_manual",
            "type": "object",
            "properties": {
                "max_particles": {
                    "$ref": "#/definitions/3178719147"
                }
            },
            "required": [
                "max_particles"
            ]
        },
        "3907782844": {
            "title": "emitter_lifetime_events travel_distance_events",
            "type": "object",
            "properties": {
                "distance": {
                    "type": "number",
                    "minimum": 0.0
                },
                "effects": {
                    "$ref": "#/definitions/771176265"
                }
            },
            "required": [
                "distance",
                "effects"
            ]
        },
        "4022568085": {
            "title": "emitter_rate_instant",
            "type": "object",
            "properties": {
                "num_particles": {
                    "$ref": "#/definitions/3178719147"
                }
            },
            "required": [
                "num_particles"
            ]
        },
        "3040571073": {
            "title": "emitter_lifetime_expression",
            "type": "object",
            "properties": {
                "activation_expression": {
                    "$ref": "#/definitions/3178719147"
                },
                "expiration_expression": {
                    "$ref": "#/definitions/3178719147"
                }
            }
        },
        "3738957681": {
            "title": "emitter_lifetime_looping",
            "type": "object",
            "properties": {
                "active_time": {
                    "$ref": "#/definitions/3178719147"
                },
                "sleep_time": {
                    "$ref": "#/definitions/3178719147"
                }
            }
        },
        "2763500436": {
            "title": "emitter_shape_sphere",
            "type": "object",
            "properties": {
                "direction": {
                    "$ref": "#/definitions/1399264962"
                },
                "offset": {
                    "type": "array",
                    "items": {
                        "$ref": "#/definitions/3178719147"
                    },
                    "minItems": 3,
                    "maxItems": 3
                },
                "radius": {
                    "$ref": "#/definitions/3178719147"
                },
                "surface_only": {
                    "type": "boolean"
                }
            }
        },
        "3985494251": {
            "title": "particle_motion_dynamic",
            "type": "object",
            "properties": {
                "linear_acceleration": {
                    "type": "array",
                    "items": {
                        "$ref": "#/definitions/3178719147"
                    },
                    "minItems": 3,
                    "maxItems": 3
                },
                "linear_drag_coefficient": {
                    "$ref": "#/definitions/3178719147"
                },
                "rotation_acceleration": {
                    "$ref": "#/definitions/3178719147"
                },
                "rotation_drag_coefficient": {
                    "$ref": "#/definitions/3178719147"
                }
            }
        },
        "3230253040": {
            "title": "particle_initialization",
            "type": "object",
            "properties": {
                "per_render_expression": {
                    "$ref": "#/definitions/3178719147"
                },
                "per_update_expression": {
                    "$ref": "#/definitions/3178719147"
                }
            }
        },
        "2417259002": {
            "title": "particle_initial_spin",
            "type": "object",
            "properties": {
                "rotation": {
                    "$ref": "#/definitions/3178719147"
                },
                "rotation_rate": {
                    "$ref": "#/definitions/3178719147"
                }
            }
        },
        "3582790723": {
            "title": "emitter_local_space",
            "$ref": "#/definitions/2541832801"
        },
        "4107447698": {
            "title": "ParticleLifetimeEvents Proxy",
            "type": "object",
            "properties": {
                "creation_event": {
                    "$ref": "#/definitions/771176265"
                },
                "expiration_event": {
                    "$ref": "#/definitions/771176265"
                },
                "timeline": {
                    "type": "object",
                    "additionalProperties": {
                        "$ref": "#/definitions/771176265"
                    }
                }
            }
        },
        "1460714494": {
            "title": "particle_expire_if_in_blocks",
            "type": "array",
            "items": {
                "$ref": "#/definitions/1527037515"
            }
        },
        "1411270136": {
            "title": "Color Proxy",
            "type": "object",
            "properties": {
                "gradient": {
                    "$ref": "#/definitions/1959189662"
                },
                "interpolant": {
                    "$ref": "#/definitions/3178719147"
                }
            },
            "required": [
                "gradient",
                "interpolant"
            ]
        },
        "2541832801": {
            "title": "emitter_local_space proxy",
            "type": "object",
            "properties": {
                "position": {
                    "type": "boolean"
                },
                "rotation": {
                    "type": "boolean"
                },
                "velocity": {
                    "type": "boolean"
                }
            }
        },
        "1107054938": {
            "title": "emitter_shape_custom",
            "type": "object",
            "properties": {
                "direction": {
                    "type": "array",
                    "items": {
                        "$ref": "#/definitions/3178719147"
                    },
                    "minItems": 3,
                    "maxItems": 3
                },
                "offset": {
                    "type": "array",
                    "items": {
                        "$ref": "#/definitions/3178719147"
                    },
                    "minItems": 3,
                    "maxItems": 3
                }
            }
        },
        "4286993890": {
            "title": "emitter_rate_steady",
            "type": "object",
            "properties": {
                "max_particles": {
                    "$ref": "#/definitions/3178719147"
                },
                "spawn_rate": {
                    "$ref": "#/definitions/3178719147"
                }
            },
            "required": [
                "max_particles",
                "spawn_rate"
            ]
        },
        "3331226803": {
            "title": "particle_kill_plane",
            "type": "array",
            "items": {
                "type": "number"
            },
            "minItems": 4,
            "maxItems": 4
        },
        "384640217": {
            "title": "emitter_shape_point",
            "type": "object",
            "properties": {
                "direction": {
                    "type": "array",
                    "items": {
                        "$ref": "#/definitions/3178719147"
                    },
                    "minItems": 3,
                    "maxItems": 3
                },
                "offset": {
                    "type": "array",
                    "items": {
                        "$ref": "#/definitions/3178719147"
                    },
                    "minItems": 3,
                    "maxItems": 3
                }
            }
        },
        "2927322813": {
            "title": "particle_appearance_tinting",
            "type": "object",
            "properties": {
                "color": {
                    "$ref": "#/definitions/3821509436"
                }
            },
            "required": [
                "color"
            ]
        },
        "2315991144": {
            "title": "emitter_shape_box",
            "type": "object",
            "properties": {
                "direction": {
                    "$ref": "#/definitions/1399264962"
                },
                "half_dimensions": {
                    "type": "array",
                    "items": {
                        "$ref": "#/definitions/3178719147"
                    },
                    "minItems": 3,
                    "maxItems": 3
                },
                "offset": {
                    "type": "array",
                    "items": {
                        "$ref": "#/definitions/3178719147"
                    },
                    "minItems": 3,
                    "maxItems": 3
                },
                "surface_only": {
                    "type": "boolean"
                }
            },
            "required": [
                "half_dimensions"
            ]
        },
        "772645837": {
            "title": "particle_appearance_billboard flipbook_data",
            "type": "object",
            "properties": {
                "base_UV": {
                    "type": "array",
                    "items": {
                        "$ref": "#/definitions/3178719147"
                    },
                    "minItems": 2,
                    "maxItems": 2
                },
                "frames_per_second": {
                    "type": "number"
                },
                "loop": {
                    "type": "boolean"
                },
                "max_frame": {
                    "$ref": "#/definitions/3178719147"
                },
                "size_UV": {
                    "type": "array",
                    "items": {
                        "type": "number"
                    },
                    "minItems": 2,
                    "maxItems": 2
                },
                "step_UV": {
                    "type": "array",
                    "items": {
                        "type": "number"
                    },
                    "minItems": 2,
                    "maxItems": 2
                },
                "stretch_to_lifetime": {
                    "type": "boolean"
                }
            },
            "required": [
                "base_UV",
                "max_frame"
            ]
        },
        "3821509436": {
            "title": "particle_appearance_tinting color_data",
            "oneOf": [
                {
                    "$ref": "#/definitions/2992796413"
                },
                {
                    "$ref": "#/definitions/1411270136"
                }
            ]
        },
        "3649962860": {
            "title": "emitter_shape_disc",
            "type": "object",
            "properties": {
                "direction": {
                    "$ref": "#/definitions/1399264962"
                },
                "offset": {
                    "type": "array",
                    "items": {
                        "$ref": "#/definitions/3178719147"
                    },
                    "minItems": 3,
                    "maxItems": 3
                },
                "plane_normal": {
                    "$ref": "#/definitions/2706354626"
                },
                "radius": {
                    "$ref": "#/definitions/3178719147"
                },
                "surface_only": {
                    "type": "boolean"
                }
            }
        },
        "2706354626": {
            "title": "particle_plane_normal",
            "oneOf": [
                {
                    "title": "plane_normal_type",
                    "type": "string",
                    "enum": [
                        "x",
                        "y",
                        "z"
                    ]
                },
                {
                    "type": "array",
                    "items": {
                        "$ref": "#/definitions/3178719147"
                    },
                    "minItems": 3,
                    "maxItems": 3
                }
            ]
        },
        "2330565510": {
            "title": "particle_lifetime_events",
            "$ref": "#/definitions/4107447698"
        },
        "1499078169": {
            "title": "particle_appearance_billboard",
            "type": "object",
            "properties": {
                "direction": {
                    "$ref": "#/definitions/1135863433"
                },
                "facing_camera_mode": {
                    "$ref": "#/definitions/2715320761"
                },
                "size": {
                    "type": "array",
                    "items": {
                        "$ref": "#/definitions/3178719147"
                    },
                    "minItems": 2,
                    "maxItems": 2
                },
                "uv": {
                    "$ref": "#/definitions/2979283012"
                }
            },
            "required": [
                "size"
            ]
        },
        "2423881331": {
            "title": "particle_motion_collision_event",
            "type": "object",
            "properties": {
                "event": {
                    "$ref": "#/definitions/2715320761"
                },
                "min_speed": {
                    "type": "number"
                }
            },
            "required": [
                "event"
            ]
        },
        "1135863433": {
            "title": "particle_appearance_billboard direction_settings",
            "$ref": "#/definitions/705997071"
        },
        "705997071": {
            "title": "DirectionSettings Proxy",
            "type": "object",
            "properties": {
                "custom_direction": {
                    "type": "array",
                    "items": {
                        "$ref": "#/definitions/3178719147"
                    },
                    "minItems": 3,
                    "maxItems": 3
                },
                "min_speed_threshold": {
                    "type": "number"
                },
                "mode": {
                    "title": "particle_appearance_billboard direction_settings_mode",
                    "type": "string",
                    "enum": [
                        "derive_from_velocity",
                        "custom"
                    ]
                }
            },
            "required": [
                "mode"
            ]
        },
        "2979283012": {
            "title": "particle_appearance_billboard uv_data",
            "$ref": "#/definitions/3427485672"
        },
        "3427485672": {
            "title": "UV Proxy",
            "type": "object",
            "properties": {
                "flipbook": {
                    "$ref": "#/definitions/772645837"
                },
                "texture_height": {
                    "type": "integer"
                },
                "texture_width": {
                    "type": "integer"
                },
                "uv": {
                    "type": "array",
                    "items": {
                        "$ref": "#/definitions/3178719147"
                    },
                    "minItems": 2,
                    "maxItems": 2
                },
                "uv_size": {
                    "type": "array",
                    "items": {
                        "$ref": "#/definitions/3178719147"
                    },
                    "minItems": 2,
                    "maxItems": 2
                }
            }
        },
        "1527037515": {
            "title": "Reference",
            "type": "string"
        },
        "3627722690": {
            "title": "particle_appearance_lighting"
        },
        "2039086753": {
            "title": "particle_expire_if_not_in_blocks",
            "type": "array",
            "items": {
                "$ref": "#/definitions/1527037515"
            }
        },
        "2590609581": {
            "title": "particle_initial_speed",
            "oneOf": [
                {
                    "type": "array",
                    "items": {
                        "$ref": "#/definitions/3178719147"
                    },
                    "minItems": 3,
                    "maxItems": 3
                },
                {
                    "$ref": "#/definitions/3178719147"
                }
            ]
        },
        "3476027947": {
            "title": "particle_lifetime_expression",
            "type": "object",
            "properties": {
                "expiration_expression": {
                    "$ref": "#/definitions/3178719147"
                },
                "max_lifetime": {
                    "$ref": "#/definitions/3178719147"
                }
            }
        },
        "49717204": {
            "title": "particle_motion_collision",
            "type": "object",
            "properties": {
                "coefficient_of_restitution": {
                    "type": "number"
                },
                "collision_drag": {
                    "type": "number"
                },
                "collision_radius": {
                    "type": "number",
                    "minimum": 0.0,
                    "maximum": 0.5
                },
                "enabled": {
                    "$ref": "#/definitions/3178719147"
                },
                "events": {
                    "$ref": "#/definitions/2751853296"
                },
                "expire_on_contact": {
                    "type": "boolean"
                }
            },
            "required": [
                "collision_radius"
            ]
        }
    },
    "title": "particle_effect component",
    "type": "object",
    "properties": {
        "minecraft:emitter_initialization": {
            "$ref": "#/definitions/4239102682"
        },
        "minecraft:emitter_lifetime_events": {
            "$ref": "#/definitions/1684720476"
        },
        "minecraft:emitter_lifetime_expression": {
            "$ref": "#/definitions/3040571073"
        },
        "minecraft:emitter_lifetime_looping": {
            "$ref": "#/definitions/3738957681"
        },
        "minecraft:emitter_lifetime_once": {
            "$ref": "#/definitions/795889148"
        },
        "minecraft:emitter_local_space": {
            "$ref": "#/definitions/3582790723"
        },
        "minecraft:emitter_rate_instant": {
            "$ref": "#/definitions/4022568085"
        },
        "minecraft:emitter_rate_manual": {
            "$ref": "#/definitions/44664202"
        },
        "minecraft:emitter_rate_steady": {
            "$ref": "#/definitions/4286993890"
        },
        "minecraft:emitter_shape_box": {
            "$ref": "#/definitions/2315991144"
        },
        "minecraft:emitter_shape_custom": {
            "$ref": "#/definitions/1107054938"
        },
        "minecraft:emitter_shape_disc": {
            "$ref": "#/definitions/3649962860"
        },
        "minecraft:emitter_shape_entity_aabb": {
            "$ref": "#/definitions/3723416124"
        },
        "minecraft:emitter_shape_point": {
            "$ref": "#/definitions/384640217"
        },
        "minecraft:emitter_shape_sphere": {
            "$ref": "#/definitions/2763500436"
        },
        "minecraft:particle_appearance_billboard": {
            "$ref": "#/definitions/1499078169"
        },
        "minecraft:particle_appearance_lighting": {
            "$ref": "#/definitions/3627722690"
        },
        "minecraft:particle_appearance_tinting": {
            "$ref": "#/definitions/2927322813"
        },
        "minecraft:particle_expire_if_in_blocks": {
            "$ref": "#/definitions/1460714494"
        },
        "minecraft:particle_expire_if_not_in_blocks": {
            "$ref": "#/definitions/2039086753"
        },
        "minecraft:particle_initial_speed": {
            "$ref": "#/definitions/2590609581"
        },
        "minecraft:particle_initial_spin": {
            "$ref": "#/definitions/2417259002"
        },
        "minecraft:particle_initialization": {
            "$ref": "#/definitions/3230253040"
        },
        "minecraft:particle_kill_plane": {
            "$ref": "#/definitions/3331226803"
        },
        "minecraft:particle_lifetime_events": {
            "$ref": "#/definitions/2330565510"
        },
        "minecraft:particle_lifetime_expression": {
            "$ref": "#/definitions/3476027947"
        },
        "minecraft:particle_motion_collision": {
            "$ref": "#/definitions/49717204"
        },
        "minecraft:particle_motion_dynamic": {
            "$ref": "#/definitions/3985494251"
        },
        "minecraft:particle_motion_parametric": {
            "$ref": "#/definitions/4184501408"
        }
    }
}