{
    "$schema": "http://json-schema.org/draft-07/schema#",
    "$id": "1677381825",
    "x-format-version": "1.21.110",
    "x-minecraft-version": "1.21.120-beta.22",
    "definitions": {
        "471923105": {
            "title": "Components",
            "type": "object",
            "properties": {
                "minecraft:display_name": {
                    "$ref": "#/definitions/2879220220"
                }
            }
        },
        "2369685306": {
            "title": "Menu Category",
            "type": "object",
            "properties": {
                "category": {
                    "title": "CreativeItemCategory",
                    "type": "string",
                    "enum": [
                        "construction",
                        "nature",
                        "equipment",
                        "items",
                        "none"
                    ]
                },
                "group": {
                    "type": "string"
                },
                "is_hidden_in_commands": {
                    "type": "boolean"
                }
            },
            "required": [
                "category"
            ]
        },
        "825755857": {
            "title": "Values",
            "type": "object",
            "properties": {
                "values": {
                    "$ref": "#/definitions/6632766"
                }
            },
            "required": [
                "values"
            ]
        },
        "2879220220": {
            "title": "Display Name",
            "type": "string"
        },
        "3993091038": {
            "title": "Description",
            "type": "object",
            "properties": {
                "identifier": {
                    "type": "string"
                },
                "menu_category": {
                    "$ref": "#/definitions/2369685306"
                },
                "states": {
                    "$ref": "#/definitions/3925154510"
                },
                "traits": {
                    "$ref": "#/definitions/3463543465"
                }
            },
            "required": [
                "identifier"
            ]
        },
        "3925154510": {
            "title": "States",
            "type": "object",
            "additionalProperties": {
                "oneOf": [
                    {
                        "type": "array",
                        "items": {
                            "type": "string"
                        }
                    },
                    {
                        "$ref": "#/definitions/825755857"
                    }
                ]
            }
        },
        "3142471136": {
            "title": "Placement Position",
            "type": "object",
            "properties": {
                "enabled_states": {
                    "type": "array",
                    "items": {
                        "type": "string",
                        "pattern": "^(minecraft:block_face|minecraft:vertical_half)$"
                    },
                    "minItems": 1,
                    "maxItems": 2
                }
            },
            "required": [
                "enabled_states"
            ]
        },
        "2208326140": {
            "title": "Placement Direction",
            "type": "object",
            "properties": {
                "enabled_states": {
                    "type": "array",
                    "items": {
                        "type": "string",
                        "pattern": "^(minecraft:cardinal_direction|minecraft:facing_direction)$"
                    },
                    "minItems": 1,
                    "maxItems": 2
                },
                "y_rotation_offset": {
                    "type": "number",
                    "multipleOf": 90.0,
                    "minimum": 0.0,
                    "maximum": 360.0
                }
            },
            "required": [
                "enabled_states"
            ]
        },
        "6632766": {
            "title": "Range",
            "type": "object",
            "properties": {
                "max": {
                    "type": "integer"
                },
                "min": {
                    "type": "integer"
                }
            },
            "required": [
                "max",
                "min"
            ]
        },
        "3463543465": {
            "title": "Traits",
            "type": "object",
            "properties": {
                "minecraft:placement_direction": {
                    "$ref": "#/definitions/2208326140"
                },
                "minecraft:placement_position": {
                    "$ref": "#/definitions/3142471136"
                }
            }
        }
    },
    "title": "BlockDefinitionDocument",
    "type": "object",
    "properties": {
        "components": {
            "$ref": "#/definitions/471923105"
        },
        "description": {
            "$ref": "#/definitions/3993091038"
        }
    },
    "required": [
        "description"
    ]
}