{
    "$schema": "http://json-schema.org/draft-07/schema#",
    "$id": "3463543465",
    "x-format-version": "1.21.110",
    "x-minecraft-version": "1.21.120-beta.22",
    "definitions": {
        "3142471136": {
            "title": "Placement Position",
            "type": "object",
            "properties": {
                "enabled_states": {
                    "type": "array",
                    "items": {
                        "type": "string",
                        "pattern": "^(minecraft:block_face|minecraft:vertical_half)$"
                    },
                    "minItems": 1,
                    "maxItems": 2
                }
            },
            "required": [
                "enabled_states"
            ]
        },
        "2208326140": {
            "title": "Placement Direction",
            "type": "object",
            "properties": {
                "enabled_states": {
                    "type": "array",
                    "items": {
                        "type": "string",
                        "pattern": "^(minecraft:cardinal_direction|minecraft:facing_direction)$"
                    },
                    "minItems": 1,
                    "maxItems": 2
                },
                "y_rotation_offset": {
                    "type": "number",
                    "multipleOf": 90.0,
                    "minimum": 0.0,
                    "maximum": 360.0
                }
            },
            "required": [
                "enabled_states"
            ]
        }
    },
    "title": "Traits",
    "type": "object",
    "properties": {
        "minecraft:placement_direction": {
            "$ref": "#/definitions/2208326140"
        },
        "minecraft:placement_position": {
            "$ref": "#/definitions/3142471136"
        }
    }
}