{
    "$schema": "http://json-schema.org/draft-07/schema#",
    "$id": "444653910",
    "x-format-version": "1.21.70",
    "x-minecraft-version": "1.21.110-beta.25",
    "definitions": {
        "3915697282": {
            "title": "Color255RGB",
            "oneOf": [
                {
                    "type": "string",
                    "pattern": "^#[a-fA-F0-9]{6}$"
                },
                {
                    "type": "array",
                    "items": {
                        "type": "integer"
                    },
                    "minItems": 3,
                    "maxItems": 3
                }
            ],
            "$metaProperties": {
                "CEREAL_EDITOR_SCHEMA_TAG": "type:color"
            }
        }
    },
    "title": "minecraft:dry_foliage_color",
    "type": "object",
    "properties": {
        "color": {
            "$ref": "#/definitions/3915697282"
        }
    },
    "required": [
        "color"
    ]
}