{
    "$schema": "http://json-schema.org/draft-07/schema#",
    "$id": "969725495",
    "x-format-version": "1.21.70",
    "x-minecraft-version": "1.21.120-beta.21",
    "title": "Foliage Color Map",
    "type": "object",
    "properties": {
        "color_map": {
            "title": "Foliage Colormap",
            "type": "string",
            "enum": [
                "foliage",
                "birch",
                "evergreen",
                "mangrove_swamp_foliage",
                "swamp_foliage",
                "dry_foliage"
            ]
        }
    },
    "required": [
        "color_map"
    ]
}