{
    "$schema": "http://json-schema.org/draft-07/schema#",
    "$id": "2571640896",
    "x-format-version": "1.21.70",
    "x-minecraft-version": "1.21.120-beta.22",
    "definitions": {
        "1322645464": {
            "title": "Reference",
            "type": "string"
        }
    },
    "title": "minecraft:lighting_identifier",
    "type": "object",
    "properties": {
        "lighting_identifier": {
            "$ref": "#/definitions/1322645464"
        }
    },
    "required": [
        "lighting_identifier"
    ]
}