{
    "$schema": "http://json-schema.org/draft-07/schema#",
    "$id": "2503601769",
    "x-format-version": "1.21.70",
    "x-minecraft-version": "1.21.120-beta.21",
    "definitions": {
        "2527487449": {
            "title": "Reference",
            "type": "string"
        }
    },
    "title": "minecraft:water_identifier",
    "type": "object",
    "properties": {
        "water_identifier": {
            "$ref": "#/definitions/2527487449"
        }
    },
    "required": [
        "water_identifier"
    ]
}