{
   "classes" : [],
   "constants" : [],
   "dependencies" : [
      {
         "name" : "@minecraft/server-ui-bindings",
         "uuid" : "ceded7ee-4d9d-4bcc-badf-0ecddb8e238a",
         "versions" : [
            {
               "version" : "2.1.0-internal"
            }
         ]
      }
   ],
   "enums" : [],
   "errors" : [],
   "functions" : [],
   "interfaces" : [],
   "minecraft_version" : "1.21.120-beta.22",
   "module_type" : "script",
   "name" : "@minecraft/server-ui",
   "objects" : [],
   "peer_dependencies" : [
      {
         "name" : "@minecraft/common",
         "uuid" : "77ec12b4-1b2b-4c98-8d34-d1cd63f849d5",
         "versions" : [
            {
               "version" : "1.0.0"
            }
         ]
      }
   ],
   "type_aliases" : [],
   "uuid" : "2bd50a27-ab5f-4f40-a596-3641627c635e",
   "version" : "2.1.0-internal"
}
