{
    "$schema": "http://json-schema.org/draft-07/schema#",
    "$id": "2649259398",
    "x-format-version": "1.21.110",
    "x-minecraft-version": "1.21.110-beta.25",
    "definitions": {
        "1425698818": {
            "title": "Identifier",
            "type": "string"
        }
    },
    "title": "Biome Description",
    "type": "object",
    "properties": {
        "identifier": {
            "$ref": "#/definitions/1425698818",
            "pattern": "^[a-z0-9._%+-]+:[a-z0-9._%+-]+$"
        }
    },
    "required": [
        "identifier"
    ]
}