{
    "$schema": "http://json-schema.org/draft-07/schema#",
    "$id": "192400399",
    "x-format-version": "1.21.110",
    "x-minecraft-version": "1.21.120-beta.22",
    "definitions": {
        "4185018795": {
            "title": "minecraft:mountain_parameters",
            "type": "object",
            "properties": {
                "steep_material_adjustment": {
                    "$ref": "#/definitions/2278320139"
                },
                "top_slide": {
                    "$ref": "#/definitions/3848407258"
                }
            }
        },
        "4165667524": {
            "title": "Biome Definition",
            "type": "object",
            "properties": {
                "components": {
                    "$ref": "#/definitions/2744564911"
                },
                "description": {
                    "$ref": "#/definitions/2649259398"
                }
            },
            "required": [
                "components",
                "description"
            ]
        },
        "2744564911": {
            "title": "Biome Components",
            "type": "object",
            "properties": {
                "minecraft:climate": {
                    "$ref": "#/definitions/800202529"
                },
                "minecraft:creature_spawn_probability": {
                    "$ref": "#/definitions/6061611"
                },
                "minecraft:humidity": {
                    "$ref": "#/definitions/3654699498"
                },
                "minecraft:map_tints": {
                    "$ref": "#/definitions/333666056"
                },
                "minecraft:mountain_parameters": {
                    "$ref": "#/definitions/4185018795"
                },
                "minecraft:multinoise_generation_rules": {
                    "$ref": "#/definitions/458645028"
                },
                "minecraft:overworld_generation_rules": {
                    "$ref": "#/definitions/70508991"
                },
                "minecraft:overworld_height": {
                    "$ref": "#/definitions/1042742755"
                },
                "minecraft:partially_frozen": {
                    "$ref": "#/definitions/3878857055"
                },
                "minecraft:replace_biomes": {
                    "$ref": "#/definitions/320104782"
                },
                "minecraft:surface_builder": {
                    "$ref": "#/definitions/3626244290"
                },
                "minecraft:surface_material_adjustments": {
                    "$ref": "#/definitions/3704131722"
                },
                "minecraft:tags": {
                    "$ref": "#/definitions/3315029981"
                }
            }
        },
        "3654699498": {
            "title": "minecraft:humidity",
            "type": "object",
            "properties": {
                "is_humid": {
                    "type": "boolean"
                }
            },
            "required": [
                "is_humid"
            ]
        },
        "1042742755": {
            "title": "minecraft:overworld_height",
            "type": "object",
            "properties": {
                "noise_params": {
                    "type": "array",
                    "items": {
                        "type": "number"
                    },
                    "minItems": 2,
                    "maxItems": 2
                },
                "noise_type": {
                    "title": "Noise Type",
                    "type": "string",
                    "enum": [
                        "default",
                        "default_mutated",
                        "river",
                        "ocean",
                        "deep_ocean",
                        "lowlands",
                        "taiga",
                        "mountains",
                        "highlands",
                        "extreme",
                        "less_extreme",
                        "beach",
                        "stone_beach",
                        "mushroom",
                        "swamp"
                    ]
                }
            }
        },
        "3878857055": {
            "title": "minecraft:partially_frozen"
        },
        "800202529": {
            "title": "minecraft:climate",
            "type": "object",
            "properties": {
                "downfall": {
                    "type": "number"
                },
                "snow_accumulation": {
                    "type": "array",
                    "items": {
                        "type": "number"
                    },
                    "minItems": 2,
                    "maxItems": 2
                },
                "temperature": {
                    "type": "number"
                }
            }
        },
        "3937875407": {
            "title": "custom_map_tint_grass_tint",
            "type": "object",
            "properties": {
                "tint": {
                    "$ref": "#/definitions/3915697282"
                },
                "type": {
                    "title": "GrassType",
                    "type": "string",
                    "const": "tint",
                    "enum": [
                        "tint",
                        "noise"
                    ]
                }
            },
            "required": [
                "tint",
                "type"
            ]
        },
        "6061611": {
            "title": "minecraft:creature_spawn_probability",
            "type": "object",
            "properties": {
                "probability": {
                    "type": "number",
                    "minimum": 0.0,
                    "maximum": 0.75
                }
            }
        },
        "3915697282": {
            "title": "Color255RGB",
            "oneOf": [
                {
                    "type": "string",
                    "pattern": "^#[a-fA-F0-9]{6}$"
                },
                {
                    "type": "array",
                    "items": {
                        "type": "integer"
                    },
                    "minItems": 3,
                    "maxItems": 3
                }
            ],
            "$metaProperties": {
                "CEREAL_EDITOR_SCHEMA_TAG": "type:color"
            }
        },
        "3626244290": {
            "title": "minecraft:surface_builder",
            "type": "object",
            "properties": {
                "builder": {
                    "oneOf": [
                        {
                            "$ref": "#/definitions/72946555"
                        },
                        {
                            "$ref": "#/definitions/2608925209"
                        },
                        {
                            "$ref": "#/definitions/415084889"
                        },
                        {
                            "$ref": "#/definitions/424552073"
                        },
                        {
                            "$ref": "#/definitions/2298712664"
                        },
                        {
                            "$ref": "#/definitions/3978796423"
                        }
                    ]
                }
            },
            "required": [
                "builder"
            ]
        },
        "333666056": {
            "title": "minecraft:map_tints",
            "type": "object",
            "properties": {
                "foliage": {
                    "$ref": "#/definitions/3915697282"
                },
                "grass": {
                    "oneOf": [
                        {
                            "$ref": "#/definitions/3937875407"
                        },
                        {
                            "$ref": "#/definitions/1703738264"
                        }
                    ]
                }
            },
            "required": [
                "grass"
            ]
        },
        "1703738264": {
            "title": "custom_map_tint_grass_noise",
            "type": "object",
            "properties": {
                "type": {
                    "title": "GrassType",
                    "type": "string",
                    "const": "noise",
                    "enum": [
                        "tint",
                        "noise"
                    ]
                }
            },
            "required": [
                "type"
            ]
        },
        "3978796423": {
            "title": "minecraft:the_end",
            "type": "object",
            "properties": {
                "type": {
                    "title": "SurfaceBuilderType",
                    "type": "string",
                    "const": "minecraft:the_end",
                    "enum": [
                        "minecraft:overworld",
                        "minecraft:frozen_ocean",
                        "minecraft:mesa",
                        "minecraft:swamp",
                        "minecraft:capped",
                        "minecraft:the_end"
                    ]
                }
            },
            "required": [
                "type"
            ]
        },
        "458645028": {
            "title": "minecraft:multinoise_generation_rules",
            "type": "object",
            "properties": {
                "target_altitude": {
                    "type": "number"
                },
                "target_humidity": {
                    "type": "number"
                },
                "target_temperature": {
                    "type": "number"
                },
                "target_weirdness": {
                    "type": "number"
                },
                "weight": {
                    "type": "number"
                }
            }
        },
        "2278320139": {
            "title": "minecraft:mountain_parameters - steep_material_adjustment settings",
            "type": "object",
            "properties": {
                "east_slopes": {
                    "type": "boolean"
                },
                "material": {
                    "$ref": "#/definitions/3076687790"
                },
                "north_slopes": {
                    "type": "boolean"
                },
                "south_slopes": {
                    "type": "boolean"
                },
                "west_slopes": {
                    "type": "boolean"
                }
            }
        },
        "3848407258": {
            "title": "minecraft:mountain_parameters - top_slide settings",
            "type": "object",
            "properties": {
                "enabled": {
                    "type": "boolean"
                }
            },
            "required": [
                "enabled"
            ]
        },
        "2608925209": {
            "title": "minecraft:frozen_ocean",
            "type": "object",
            "properties": {
                "foundation_material": {
                    "$ref": "#/definitions/3076687790"
                },
                "mid_material": {
                    "$ref": "#/definitions/3076687790"
                },
                "sea_floor_depth": {
                    "type": "integer",
                    "minimum": 0.0,
                    "maximum": 127.0
                },
                "sea_floor_material": {
                    "$ref": "#/definitions/3076687790"
                },
                "sea_material": {
                    "$ref": "#/definitions/3076687790"
                },
                "top_material": {
                    "$ref": "#/definitions/3076687790"
                },
                "type": {
                    "title": "SurfaceBuilderType",
                    "type": "string",
                    "const": "minecraft:frozen_ocean",
                    "enum": [
                        "minecraft:overworld",
                        "minecraft:frozen_ocean",
                        "minecraft:mesa",
                        "minecraft:swamp",
                        "minecraft:capped",
                        "minecraft:the_end"
                    ]
                }
            },
            "required": [
                "foundation_material",
                "mid_material",
                "sea_floor_depth",
                "sea_floor_material",
                "sea_material",
                "top_material",
                "type"
            ]
        },
        "3076687790": {
            "title": "Block Specifier",
            "oneOf": [
                {
                    "$ref": "#/definitions/1527037515"
                },
                {
                    "type": "object",
                    "properties": {
                        "name": {
                            "$ref": "#/definitions/1527037515"
                        },
                        "states": {
                            "type": "object",
                            "additionalProperties": {
                                "oneOf": [
                                    {
                                        "type": "integer"
                                    },
                                    {
                                        "type": "boolean"
                                    },
                                    {
                                        "type": "string"
                                    }
                                ]
                            }
                        }
                    },
                    "required": [
                        "name"
                    ]
                }
            ]
        },
        "424552073": {
            "title": "minecraft:swamp",
            "type": "object",
            "properties": {
                "foundation_material": {
                    "$ref": "#/definitions/3076687790"
                },
                "max_puddle_depth_below_sea_level": {
                    "type": "integer",
                    "minimum": 0.0,
                    "maximum": 127.0
                },
                "mid_material": {
                    "$ref": "#/definitions/3076687790"
                },
                "sea_floor_depth": {
                    "type": "integer",
                    "minimum": 0.0,
                    "maximum": 127.0
                },
                "sea_floor_material": {
                    "$ref": "#/definitions/3076687790"
                },
                "sea_material": {
                    "$ref": "#/definitions/3076687790"
                },
                "top_material": {
                    "$ref": "#/definitions/3076687790"
                },
                "type": {
                    "title": "SurfaceBuilderType",
                    "type": "string",
                    "const": "minecraft:swamp",
                    "enum": [
                        "minecraft:overworld",
                        "minecraft:frozen_ocean",
                        "minecraft:mesa",
                        "minecraft:swamp",
                        "minecraft:capped",
                        "minecraft:the_end"
                    ]
                }
            },
            "required": [
                "foundation_material",
                "max_puddle_depth_below_sea_level",
                "mid_material",
                "sea_floor_depth",
                "sea_floor_material",
                "sea_material",
                "top_material",
                "type"
            ]
        },
        "1527037515": {
            "title": "Reference",
            "type": "string"
        },
        "415084889": {
            "title": "minecraft:mesa",
            "type": "object",
            "properties": {
                "bryce_pillars": {
                    "type": "boolean"
                },
                "clay_material": {
                    "$ref": "#/definitions/3076687790"
                },
                "foundation_material": {
                    "$ref": "#/definitions/3076687790"
                },
                "hard_clay_material": {
                    "$ref": "#/definitions/3076687790"
                },
                "has_forest": {
                    "type": "boolean"
                },
                "mid_material": {
                    "$ref": "#/definitions/3076687790"
                },
                "sea_floor_depth": {
                    "type": "integer",
                    "minimum": 0.0,
                    "maximum": 127.0
                },
                "sea_floor_material": {
                    "$ref": "#/definitions/3076687790"
                },
                "sea_material": {
                    "$ref": "#/definitions/3076687790"
                },
                "top_material": {
                    "$ref": "#/definitions/3076687790"
                },
                "type": {
                    "title": "SurfaceBuilderType",
                    "type": "string",
                    "const": "minecraft:mesa",
                    "enum": [
                        "minecraft:overworld",
                        "minecraft:frozen_ocean",
                        "minecraft:mesa",
                        "minecraft:swamp",
                        "minecraft:capped",
                        "minecraft:the_end"
                    ]
                }
            },
            "required": [
                "bryce_pillars",
                "clay_material",
                "foundation_material",
                "hard_clay_material",
                "has_forest",
                "mid_material",
                "sea_floor_depth",
                "sea_floor_material",
                "sea_material",
                "top_material",
                "type"
            ]
        },
        "70508991": {
            "title": "minecraft:overworld_generation_rules",
            "type": "object",
            "properties": {
                "generate_for_climates": {
                    "type": "array",
                    "items": {
                        "$ref": "#/definitions/891697368"
                    }
                },
                "hills_transformation": {
                    "$ref": "#/definitions/2586207614"
                },
                "mutate_transformation": {
                    "$ref": "#/definitions/2586207614"
                },
                "river_transformation": {
                    "$ref": "#/definitions/2586207614"
                },
                "shore_transformation": {
                    "$ref": "#/definitions/2586207614"
                }
            }
        },
        "891697368": {
            "title": "minecraft:overworld_generation_rules - Weighted climate categories settings",
            "type": "array",
            "items": {
                "oneOf": [
                    {
                        "title": "BiomeTemperatureCategory",
                        "type": "string",
                        "enum": [
                            "medium",
                            "warm",
                            "lukewarm",
                            "cold",
                            "frozen"
                        ]
                    },
                    {
                        "type": "integer"
                    }
                ]
            },
            "minItems": 2,
            "maxItems": 2
        },
        "2586207614": {
            "title": "minecraft:overworld_generation_rules - Weighted biome names settings",
            "oneOf": [
                {
                    "type": "array",
                    "items": {
                        "$ref": "#/definitions/553173857"
                    }
                },
                {
                    "$ref": "#/definitions/1493629372"
                }
            ]
        },
        "553173857": {
            "title": "WeightedBiomeName",
            "oneOf": [
                {
                    "type": "array",
                    "items": {
                        "oneOf": [
                            {
                                "$ref": "#/definitions/1493629372"
                            },
                            {
                                "type": "integer"
                            }
                        ]
                    },
                    "minItems": 2,
                    "maxItems": 2
                },
                {
                    "$ref": "#/definitions/1493629372"
                }
            ]
        },
        "1493629372": {
            "title": "Reference",
            "type": "string"
        },
        "320104782": {
            "title": "minecraft:replace_biomes",
            "type": "object",
            "properties": {
                "replacements": {
                    "type": "array",
                    "items": {
                        "$ref": "#/definitions/716969038"
                    }
                }
            },
            "required": [
                "replacements"
            ]
        },
        "716969038": {
            "title": "Biome Replacement",
            "type": "object",
            "properties": {
                "amount": {
                    "type": "number",
                    "exclusiveMinimum": 0.0,
                    "maximum": 1.0
                },
                "dimension": {
                    "type": "string"
                },
                "noise_frequency_scale": {
                    "type": "number",
                    "exclusiveMinimum": 0.0,
                    "maximum": 100.0
                },
                "targets": {
                    "type": "array",
                    "items": {
                        "$ref": "#/definitions/1493629372"
                    },
                    "minItems": 1
                }
            },
            "required": [
                "amount",
                "dimension",
                "noise_frequency_scale",
                "targets"
            ]
        },
        "72946555": {
            "title": "minecraft:overworld",
            "type": "object",
            "properties": {
                "foundation_material": {
                    "$ref": "#/definitions/3076687790"
                },
                "mid_material": {
                    "$ref": "#/definitions/3076687790"
                },
                "sea_floor_depth": {
                    "type": "integer",
                    "minimum": 0.0,
                    "maximum": 127.0
                },
                "sea_floor_material": {
                    "$ref": "#/definitions/3076687790"
                },
                "sea_material": {
                    "$ref": "#/definitions/3076687790"
                },
                "top_material": {
                    "$ref": "#/definitions/3076687790"
                },
                "type": {
                    "title": "SurfaceBuilderType",
                    "type": "string",
                    "const": "minecraft:overworld",
                    "enum": [
                        "minecraft:overworld",
                        "minecraft:frozen_ocean",
                        "minecraft:mesa",
                        "minecraft:swamp",
                        "minecraft:capped",
                        "minecraft:the_end"
                    ]
                }
            },
            "required": [
                "foundation_material",
                "mid_material",
                "sea_floor_depth",
                "sea_floor_material",
                "sea_material",
                "top_material",
                "type"
            ]
        },
        "2298712664": {
            "title": "minecraft:capped",
            "type": "object",
            "properties": {
                "beach_material": {
                    "$ref": "#/definitions/3076687790"
                },
                "ceiling_materials": {
                    "type": "array",
                    "items": {
                        "$ref": "#/definitions/3076687790"
                    },
                    "minItems": 1
                },
                "floor_materials": {
                    "type": "array",
                    "items": {
                        "$ref": "#/definitions/3076687790"
                    },
                    "minItems": 1
                },
                "foundation_material": {
                    "$ref": "#/definitions/3076687790"
                },
                "sea_material": {
                    "$ref": "#/definitions/3076687790"
                },
                "type": {
                    "title": "SurfaceBuilderType",
                    "type": "string",
                    "const": "minecraft:capped",
                    "enum": [
                        "minecraft:overworld",
                        "minecraft:frozen_ocean",
                        "minecraft:mesa",
                        "minecraft:swamp",
                        "minecraft:capped",
                        "minecraft:the_end"
                    ]
                }
            },
            "required": [
                "ceiling_materials",
                "floor_materials",
                "foundation_material",
                "sea_material",
                "type"
            ]
        },
        "1462219063": {
            "title": "Molang Expression",
            "oneOf": [
                {
                    "type": "number"
                },
                {
                    "type": "boolean"
                },
                {
                    "type": "string"
                }
            ]
        },
        "3704131722": {
            "title": "minecraft:surface_material_adjustments",
            "type": "object",
            "properties": {
                "adjustments": {
                    "type": "array",
                    "items": {
                        "$ref": "#/definitions/3263934683"
                    }
                }
            }
        },
        "3263934683": {
            "title": "minecraft:surface_material_adjustments - surface adjustment settings",
            "type": "object",
            "properties": {
                "height_range": {
                    "type": "array",
                    "items": {
                        "$ref": "#/definitions/1462219063"
                    },
                    "minItems": 2,
                    "maxItems": 2
                },
                "materials": {
                    "$ref": "#/definitions/1287813091"
                },
                "noise_frequency_scale": {
                    "type": "number"
                },
                "noise_range": {
                    "type": "array",
                    "items": {
                        "type": "number"
                    },
                    "minItems": 2,
                    "maxItems": 2
                }
            },
            "required": [
                "materials"
            ]
        },
        "1287813091": {
            "title": "minecraft:surface_material_adjustments - surface adjustment materials settings",
            "type": "object",
            "properties": {
                "foundation_material": {
                    "$ref": "#/definitions/3076687790"
                },
                "mid_material": {
                    "$ref": "#/definitions/3076687790"
                },
                "sea_floor_material": {
                    "$ref": "#/definitions/3076687790"
                },
                "sea_material": {
                    "$ref": "#/definitions/3076687790"
                },
                "top_material": {
                    "$ref": "#/definitions/3076687790"
                }
            }
        },
        "3315029981": {
            "title": "minecraft:tags",
            "type": "object",
            "properties": {
                "tags": {
                    "type": "array",
                    "items": {
                        "type": "string"
                    }
                }
            },
            "required": [
                "tags"
            ]
        },
        "2649259398": {
            "title": "Biome Description",
            "type": "object",
            "properties": {
                "identifier": {
                    "$ref": "#/definitions/1425698818",
                    "pattern": "^[a-z0-9._%+-]+:[a-z0-9._%+-]+$"
                }
            },
            "required": [
                "identifier"
            ]
        },
        "1425698818": {
            "title": "Identifier",
            "type": "string"
        }
    },
    "title": "Biome JSON File",
    "type": "object",
    "properties": {
        "format_version": {
            "type": "string"
        },
        "minecraft:biome": {
            "$ref": "#/definitions/4165667524"
        }
    },
    "required": [
        "format_version",
        "minecraft:biome"
    ]
}