{
    "$schema": "http://json-schema.org/draft-07/schema#",
    "$id": "4286993890",
    "x-format-version": "1.21.0",
    "x-minecraft-version": "1.21.110-beta.22",
    "definitions": {
        "3178719147": {
            "title": "Molang expression",
            "oneOf": [
                {
                    "$ref": "#/definitions/2267778531"
                },
                {
                    "type": "number"
                }
            ]
        },
        "2267778531": {
            "title": "Molang string",
            "oneOf": [
                {
                    "type": "string"
                },
                {
                    "type": "object",
                    "properties": {
                        "expression": {
                            "type": "string"
                        },
                        "version": {
                            "type": "integer"
                        }
                    },
                    "required": [
                        "expression",
                        "version"
                    ]
                }
            ]
        }
    },
    "title": "emitter_rate_steady",
    "type": "object",
    "properties": {
        "max_particles": {
            "$ref": "#/definitions/3178719147"
        },
        "spawn_rate": {
            "$ref": "#/definitions/3178719147"
        }
    },
    "required": [
        "max_particles",
        "spawn_rate"
    ]
}