{
    "$schema": "http://json-schema.org/draft-07/schema#",
    "$id": "3985494251",
    "x-format-version": "1.21.0",
    "x-minecraft-version": "1.21.110-beta.22",
    "definitions": {
        "3178719147": {
            "title": "Molang expression",
            "oneOf": [
                {
                    "$ref": "#/definitions/2267778531"
                },
                {
                    "type": "number"
                }
            ]
        },
        "2267778531": {
            "title": "Molang string",
            "oneOf": [
                {
                    "type": "string"
                },
                {
                    "type": "object",
                    "properties": {
                        "expression": {
                            "type": "string"
                        },
                        "version": {
                            "type": "integer"
                        }
                    },
                    "required": [
                        "expression",
                        "version"
                    ]
                }
            ]
        }
    },
    "title": "particle_motion_dynamic",
    "type": "object",
    "properties": {
        "linear_acceleration": {
            "type": "array",
            "items": {
                "$ref": "#/definitions/3178719147"
            },
            "minItems": 3,
            "maxItems": 3
        },
        "linear_drag_coefficient": {
            "$ref": "#/definitions/3178719147"
        },
        "rotation_acceleration": {
            "$ref": "#/definitions/3178719147"
        },
        "rotation_drag_coefficient": {
            "$ref": "#/definitions/3178719147"
        }
    }
}