{
    "$schema": "http://json-schema.org/draft-07/schema#",
    "$id": "2589586811",
    "x-format-version": "1.21.0",
    "x-minecraft-version": "1.21.102",
    "definitions": {
        "3178719147": {
            "title": "Molang expression",
            "oneOf": [
                {
                    "$ref": "#/definitions/2267778531"
                },
                {
                    "type": "number"
                }
            ]
        },
        "2715320761": {
            "title": "hashed_string",
            "type": "string"
        },
        "2267778531": {
            "title": "Molang string",
            "oneOf": [
                {
                    "type": "string"
                },
                {
                    "type": "object",
                    "properties": {
                        "expression": {
                            "type": "string"
                        },
                        "version": {
                            "type": "integer"
                        }
                    },
                    "required": [
                        "expression",
                        "version"
                    ]
                }
            ]
        }
    },
    "title": "particle_curve_linear",
    "type": "object",
    "properties": {
        "horizontal_range": {
            "$ref": "#/definitions/3178719147"
        },
        "input": {
            "$ref": "#/definitions/3178719147"
        },
        "nodes": {
            "type": "array",
            "items": {
                "$ref": "#/definitions/3178719147"
            }
        },
        "type": {
            "$ref": "#/definitions/2715320761"
        }
    },
    "required": [
        "input",
        "nodes",
        "type"
    ]
}