{
    "$schema": "http://json-schema.org/draft-07/schema#",
    "$id": "2979283012",
    "x-format-version": "1.21.0",
    "x-minecraft-version": "1.21.102",
    "definitions": {
        "772645837": {
            "title": "particle_appearance_billboard flipbook_data",
            "type": "object",
            "properties": {
                "base_UV": {
                    "type": "array",
                    "items": {
                        "$ref": "#/definitions/3178719147"
                    },
                    "minItems": 2,
                    "maxItems": 2
                },
                "frames_per_second": {
                    "type": "number"
                },
                "loop": {
                    "type": "boolean"
                },
                "max_frame": {
                    "$ref": "#/definitions/3178719147"
                },
                "size_UV": {
                    "type": "array",
                    "items": {
                        "type": "number"
                    },
                    "minItems": 2,
                    "maxItems": 2
                },
                "step_UV": {
                    "type": "array",
                    "items": {
                        "type": "number"
                    },
                    "minItems": 2,
                    "maxItems": 2
                },
                "stretch_to_lifetime": {
                    "type": "boolean"
                }
            },
            "required": [
                "base_UV",
                "max_frame"
            ]
        },
        "3178719147": {
            "title": "Molang expression",
            "oneOf": [
                {
                    "$ref": "#/definitions/2267778531"
                },
                {
                    "type": "number"
                }
            ]
        },
        "2267778531": {
            "title": "Molang string",
            "oneOf": [
                {
                    "type": "string"
                },
                {
                    "type": "object",
                    "properties": {
                        "expression": {
                            "type": "string"
                        },
                        "version": {
                            "type": "integer"
                        }
                    },
                    "required": [
                        "expression",
                        "version"
                    ]
                }
            ]
        }
    },
    "title": "particle_appearance_billboard uv_data",
    "type": "object",
    "properties": {
        "flipbook": {
            "$ref": "#/definitions/772645837"
        },
        "texture_height": {
            "type": "integer"
        },
        "texture_width": {
            "type": "integer"
        },
        "uv": {
            "type": "array",
            "items": {
                "$ref": "#/definitions/3178719147"
            },
            "minItems": 2,
            "maxItems": 2
        },
        "uv_size": {
            "type": "array",
            "items": {
                "$ref": "#/definitions/3178719147"
            },
            "minItems": 2,
            "maxItems": 2
        }
    }
}