{
    "$schema": "http://json-schema.org/draft-07/schema#",
    "$id": "1959189662",
    "x-format-version": "1.21.0",
    "x-minecraft-version": "1.21.102",
    "definitions": {
        "2992796413": {
            "title": "color_expr",
            "oneOf": [
                {
                    "type": "array",
                    "items": {
                        "$ref": "#/definitions/3178719147"
                    },
                    "minItems": 4,
                    "maxItems": 4
                },
                {
                    "type": "string"
                }
            ]
        },
        "3178719147": {
            "title": "Molang expression",
            "oneOf": [
                {
                    "$ref": "#/definitions/2267778531"
                },
                {
                    "type": "number"
                }
            ]
        },
        "2267778531": {
            "title": "Molang string",
            "oneOf": [
                {
                    "type": "string"
                },
                {
                    "type": "object",
                    "properties": {
                        "expression": {
                            "type": "string"
                        },
                        "version": {
                            "type": "integer"
                        }
                    },
                    "required": [
                        "expression",
                        "version"
                    ]
                }
            ]
        }
    },
    "title": "particle_appearance_tinting gradient",
    "oneOf": [
        {
            "type": "array",
            "items": {
                "$ref": "#/definitions/2992796413"
            }
        },
        {
            "type": "object",
            "additionalProperties": {
                "$ref": "#/definitions/2992796413"
            }
        }
    ]
}