{
    "$schema": "http://json-schema.org/draft-07/schema#",
    "$id": "1626134911",
    "x-format-version": "1.21.0",
    "x-minecraft-version": "1.21.102",
    "definitions": {
        "3998097047": {
            "title": "particle_sound_effect_event",
            "type": "object",
            "properties": {
                "event_name": {
                    "type": "string"
                }
            },
            "required": [
                "event_name"
            ]
        },
        "2715320761": {
            "title": "hashed_string",
            "type": "string"
        },
        "3178719147": {
            "title": "Molang expression",
            "oneOf": [
                {
                    "$ref": "#/definitions/2267778531"
                },
                {
                    "type": "number"
                }
            ]
        },
        "2267778531": {
            "title": "Molang string",
            "oneOf": [
                {
                    "type": "string"
                },
                {
                    "type": "object",
                    "properties": {
                        "expression": {
                            "type": "string"
                        },
                        "version": {
                            "type": "integer"
                        }
                    },
                    "required": [
                        "expression",
                        "version"
                    ]
                }
            ]
        },
        "2245986520": {
            "title": "particle_visual_effect_event",
            "type": "object",
            "properties": {
                "effect": {
                    "$ref": "#/definitions/2715320761"
                },
                "pre_effect_expression": {
                    "$ref": "#/definitions/3178719147"
                },
                "type": {
                    "title": "particle_visual_effect_event effect_type",
                    "type": "string",
                    "enum": [
                        "particle",
                        "particle_with_velocity",
                        "emitter",
                        "emitter_bound"
                    ]
                }
            },
            "required": [
                "effect",
                "type"
            ]
        },
        "2522540092": {
            "title": "particle_event_random_node",
            "type": "object",
            "properties": {
                "expression": {
                    "$ref": "#/definitions/3178719147"
                },
                "log": {
                    "type": "string"
                },
                "particle_effect": {
                    "$ref": "#/definitions/2245986520"
                },
                "randomize": {
                    "type": "array",
                    "items": {
                        "$ref": "#/definitions/2522540092"
                    }
                },
                "sequence": {
                    "type": "array",
                    "items": {
                        "$ref": "1626134911"
                    }
                },
                "sound_effect": {
                    "$ref": "#/definitions/3998097047"
                },
                "weight": {
                    "type": "number"
                }
            },
            "required": [
                "weight"
            ]
        }
    },
    "title": "particle_event_node",
    "type": "object",
    "properties": {
        "expression": {
            "$ref": "#/definitions/3178719147"
        },
        "log": {
            "type": "string"
        },
        "particle_effect": {
            "$ref": "#/definitions/2245986520"
        },
        "randomize": {
            "type": "array",
            "items": {
                "$ref": "#/definitions/2522540092"
            }
        },
        "sequence": {
            "type": "array",
            "items": {
                "$ref": "1626134911"
            }
        },
        "sound_effect": {
            "$ref": "#/definitions/3998097047"
        }
    }
}