{
    "$schema": "http://json-schema.org/draft-07/schema#",
    "$id": "3176878115",
    "x-format-version": "1.21.20",
    "x-minecraft-version": "1.21.120-beta.22",
    "definitions": {
        "4235442903": {
            "title": "AnchorAboveBottom",
            "type": "object",
            "properties": {
                "above_bottom": {
                    "type": "integer"
                }
            },
            "required": [
                "above_bottom"
            ]
        },
        "4202034760": {
            "title": "AnchorBelowTop",
            "type": "object",
            "properties": {
                "below_top": {
                    "type": "integer"
                }
            },
            "required": [
                "below_top"
            ]
        },
        "4201740570": {
            "title": "AnchorAbsolute",
            "type": "object",
            "properties": {
                "absolute": {
                    "type": "integer"
                }
            },
            "required": [
                "absolute"
            ]
        },
        "4235737093": {
            "title": "AnchorFromSea",
            "type": "object",
            "properties": {
                "from_sea": {
                    "type": "integer"
                }
            },
            "required": [
                "from_sea"
            ]
        }
    },
    "title": "ConstantHeightProviderType",
    "type": "object",
    "properties": {
        "type": {
            "title": "HeightProviderType",
            "type": "string",
            "const": "constant",
            "enum": [
                "uniform",
                "constant"
            ]
        },
        "value": {
            "oneOf": [
                {
                    "$ref": "#/definitions/4201740570"
                },
                {
                    "$ref": "#/definitions/4235442903"
                },
                {
                    "$ref": "#/definitions/4202034760"
                },
                {
                    "$ref": "#/definitions/4235737093"
                }
            ]
        }
    },
    "required": [
        "type",
        "value"
    ]
}