{
    "$schema": "http://json-schema.org/draft-07/schema#",
    "$id": "4244055937",
    "x-format-version": "1.21.20",
    "x-minecraft-version": "1.21.120-beta.22",
    "title": "GenerationStep",
    "type": "string",
    "enum": [
        "raw_generation",
        "lakes",
        "local_modifications",
        "underground_structures",
        "surface_structures",
        "strongholds",
        "underground_ores",
        "underground_decoration",
        "fluid_springs",
        "vegetal_decoration",
        "top_layer_modification"
    ]
}