{
    "$schema": "http://json-schema.org/draft-07/schema#",
    "$id": "169701669",
    "x-format-version": "1.21.20",
    "x-minecraft-version": "1.21.120-beta.22",
    "definitions": {
        "1715022163": {
            "title": "JigsawTemplatePool",
            "type": "object",
            "properties": {
                "data": {
                    "$ref": "#/definitions/1356053607"
                },
                "weight": {
                    "type": "integer"
                }
            },
            "required": [
                "data",
                "weight"
            ]
        },
        "1356053607": {
            "title": "Reference",
            "type": "string"
        }
    },
    "title": "RandomPoolAlias",
    "type": "object",
    "properties": {
        "alias": {
            "type": "string"
        },
        "targets": {
            "type": "array",
            "items": {
                "$ref": "#/definitions/1715022163"
            }
        }
    },
    "required": [
        "alias",
        "targets"
    ]
}