{
   "classes" : [],
   "constants" : [],
   "dependencies" : [],
   "enums" : [
      {
         "constants" : [
            {
               "is_read_only" : true,
               "is_static" : true,
               "name" : "Duplicate",
               "type" : {
                  "is_bind_type" : false,
                  "is_errorable" : false,
                  "name" : "string"
               },
               "value" : "Duplicate"
            },
            {
               "is_read_only" : true,
               "is_static" : true,
               "name" : "Empty",
               "type" : {
                  "is_bind_type" : false,
                  "is_errorable" : false,
                  "name" : "string"
               },
               "value" : "Empty"
            },
            {
               "is_read_only" : true,
               "is_static" : true,
               "name" : "Unknown",
               "type" : {
                  "is_bind_type" : false,
                  "is_errorable" : false,
                  "name" : "string"
               },
               "value" : "Unknown"
            },
            {
               "is_read_only" : true,
               "is_static" : true,
               "name" : "Unspecified",
               "type" : {
                  "is_bind_type" : false,
                  "is_errorable" : false,
                  "name" : "string"
               },
               "value" : "Unspecified"
            }
         ],
         "name" : "InvalidArgumentErrorType"
      }
   ],
   "errors" : [
      {
         "name" : "ArgumentOutOfBoundsError",
         "properties" : [
            {
               "get_privilege" : [
                  {
                     "name" : "read_only"
                  },
                  {
                     "name" : "early_execution"
                  }
               ],
               "is_baked" : false,
               "is_read_only" : true,
               "name" : "index",
               "type" : {
                  "is_bind_type" : false,
                  "is_errorable" : false,
                  "name" : "int32",
                  "valid_range" : {
                     "max" : 2147483647,
                     "min" : -2147483648
                  }
               }
            },
            {
               "get_privilege" : [
                  {
                     "name" : "read_only"
                  },
                  {
                     "name" : "early_execution"
                  }
               ],
               "is_baked" : false,
               "is_read_only" : true,
               "name" : "maxValue",
               "type" : {
                  "is_bind_type" : false,
                  "is_errorable" : false,
                  "name" : "optional",
                  "optional_type" : {
                     "is_bind_type" : false,
                     "is_errorable" : false,
                     "name" : "double",
                     "valid_range" : {
                        "max" : 2147483647,
                        "min" : -2147483648
                     }
                  }
               }
            },
            {
               "get_privilege" : [
                  {
                     "name" : "read_only"
                  },
                  {
                     "name" : "early_execution"
                  }
               ],
               "is_baked" : false,
               "is_read_only" : true,
               "name" : "minValue",
               "type" : {
                  "is_bind_type" : false,
                  "is_errorable" : false,
                  "name" : "optional",
                  "optional_type" : {
                     "is_bind_type" : false,
                     "is_errorable" : false,
                     "name" : "double",
                     "valid_range" : {
                        "max" : 2147483647,
                        "min" : -2147483648
                     }
                  }
               }
            },
            {
               "get_privilege" : [
                  {
                     "name" : "read_only"
                  },
                  {
                     "name" : "early_execution"
                  }
               ],
               "is_baked" : false,
               "is_read_only" : true,
               "name" : "value",
               "type" : {
                  "is_bind_type" : false,
                  "is_errorable" : false,
                  "name" : "optional",
                  "optional_type" : {
                     "is_bind_type" : false,
                     "is_errorable" : false,
                     "name" : "double",
                     "valid_range" : {
                        "max" : 2147483647,
                        "min" : -2147483648
                     }
                  }
               }
            }
         ],
         "type" : {
            "is_bind_type" : true,
            "is_errorable" : false,
            "name" : "ArgumentOutOfBoundsError"
         }
      },
      {
         "name" : "EngineError",
         "properties" : [],
         "type" : {
            "is_bind_type" : true,
            "is_errorable" : false,
            "name" : "EngineError"
         }
      },
      {
         "name" : "InvalidArgumentError",
         "properties" : [
            {
               "get_privilege" : [
                  {
                     "name" : "read_only"
                  },
                  {
                     "name" : "early_execution"
                  }
               ],
               "is_baked" : false,
               "is_read_only" : true,
               "name" : "index",
               "type" : {
                  "is_bind_type" : false,
                  "is_errorable" : false,
                  "name" : "int32",
                  "valid_range" : {
                     "max" : 2147483647,
                     "min" : -2147483648
                  }
               }
            },
            {
               "get_privilege" : [
                  {
                     "name" : "read_only"
                  },
                  {
                     "name" : "early_execution"
                  }
               ],
               "is_baked" : false,
               "is_read_only" : true,
               "name" : "type",
               "type" : {
                  "is_bind_type" : true,
                  "is_errorable" : false,
                  "name" : "InvalidArgumentErrorType"
               }
            }
         ],
         "type" : {
            "is_bind_type" : true,
            "is_errorable" : false,
            "name" : "InvalidArgumentError"
         }
      },
      {
         "name" : "PropertyOutOfBoundsError",
         "properties" : [
            {
               "get_privilege" : [
                  {
                     "name" : "read_only"
                  },
                  {
                     "name" : "early_execution"
                  }
               ],
               "is_baked" : false,
               "is_read_only" : true,
               "name" : "maxValue",
               "type" : {
                  "is_bind_type" : false,
                  "is_errorable" : false,
                  "name" : "optional",
                  "optional_type" : {
                     "is_bind_type" : false,
                     "is_errorable" : false,
                     "name" : "double",
                     "valid_range" : {
                        "max" : 2147483647,
                        "min" : -2147483648
                     }
                  }
               }
            },
            {
               "get_privilege" : [
                  {
                     "name" : "read_only"
                  },
                  {
                     "name" : "early_execution"
                  }
               ],
               "is_baked" : false,
               "is_read_only" : true,
               "name" : "minValue",
               "type" : {
                  "is_bind_type" : false,
                  "is_errorable" : false,
                  "name" : "optional",
                  "optional_type" : {
                     "is_bind_type" : false,
                     "is_errorable" : false,
                     "name" : "double",
                     "valid_range" : {
                        "max" : 2147483647,
                        "min" : -2147483648
                     }
                  }
               }
            },
            {
               "get_privilege" : [
                  {
                     "name" : "read_only"
                  },
                  {
                     "name" : "early_execution"
                  }
               ],
               "is_baked" : false,
               "is_read_only" : true,
               "name" : "value",
               "type" : {
                  "is_bind_type" : false,
                  "is_errorable" : false,
                  "name" : "double",
                  "valid_range" : {
                     "max" : 2147483647,
                     "min" : -2147483648
                  }
               }
            }
         ],
         "type" : {
            "is_bind_type" : true,
            "is_errorable" : false,
            "name" : "PropertyOutOfBoundsError"
         }
      },
      {
         "name" : "RuntimeConditionError",
         "properties" : [],
         "type" : {
            "is_bind_type" : true,
            "is_errorable" : false,
            "name" : "RuntimeConditionError"
         }
      },
      {
         "name" : "UnsupportedFunctionalityError",
         "properties" : [],
         "type" : {
            "is_bind_type" : true,
            "is_errorable" : false,
            "name" : "UnsupportedFunctionalityError"
         }
      }
   ],
   "functions" : [],
   "interfaces" : [
      {
         "base_types" : [],
         "name" : "NumberRange",
         "properties" : [
            {
               "is_baked" : false,
               "is_read_only" : false,
               "name" : "max",
               "type" : {
                  "is_bind_type" : false,
                  "is_errorable" : false,
                  "name" : "float",
                  "valid_range" : {
                     "max" : 2147483647,
                     "min" : -2147483648
                  }
               }
            },
            {
               "is_baked" : false,
               "is_read_only" : false,
               "name" : "min",
               "type" : {
                  "is_bind_type" : false,
                  "is_errorable" : false,
                  "name" : "float",
                  "valid_range" : {
                     "max" : 2147483647,
                     "min" : -2147483648
                  }
               }
            }
         ],
         "type" : {
            "is_bind_type" : true,
            "is_errorable" : false,
            "name" : "NumberRange"
         }
      }
   ],
   "minecraft_version" : "1.21.120-beta.21",
   "module_type" : "script",
   "name" : "@minecraft/common",
   "objects" : [],
   "peer_dependencies" : [],
   "type_aliases" : [],
   "uuid" : "77ec12b4-1b2b-4c98-8d34-d1cd63f849d5",
   "version" : "1.2.0"
}
