{
   "classes" : [
      {
         "base_types" : [
            {
               "is_bind_type" : true,
               "is_errorable" : false,
               "name" : "DebugLine"
            }
         ],
         "constants" : [],
         "functions" : [
            {
               "arguments" : [
                  {
                     "details" : null,
                     "name" : "location",
                     "type" : {
                        "from_module" : {
                           "name" : "@minecraft/server",
                           "uuid" : "b26a4d4c-afdf-4690-88f8-931846312678",
                           "version" : "2.0.0"
                        },
                        "is_bind_type" : true,
                        "is_errorable" : false,
                        "name" : "Vector3"
                     }
                  },
                  {
                     "details" : null,
                     "name" : "endLocation",
                     "type" : {
                        "from_module" : {
                           "name" : "@minecraft/server",
                           "uuid" : "b26a4d4c-afdf-4690-88f8-931846312678",
                           "version" : "2.0.0"
                        },
                        "is_bind_type" : true,
                        "is_errorable" : false,
                        "name" : "Vector3"
                     }
                  }
               ],
               "call_privilege" : [
                  {
                     "name" : "read_only"
                  }
               ],
               "is_constructor" : true,
               "name" : "constructor",
               "return_type" : {
                  "is_bind_type" : true,
                  "is_errorable" : false,
                  "name" : "DebugArrow"
               }
            }
         ],
         "name" : "DebugArrow",
         "properties" : [
            {
               "get_privilege" : [
                  {
                     "name" : "read_only"
                  }
               ],
               "is_baked" : false,
               "is_read_only" : false,
               "name" : "headLength",
               "set_privilege" : [
                  {
                     "name" : "read_only"
                  }
               ],
               "type" : {
                  "is_bind_type" : false,
                  "is_errorable" : false,
                  "name" : "float",
                  "valid_range" : {
                     "max" : 2147483647,
                     "min" : -2147483648
                  }
               }
            },
            {
               "get_privilege" : [
                  {
                     "name" : "read_only"
                  }
               ],
               "is_baked" : false,
               "is_read_only" : false,
               "name" : "headRadius",
               "set_privilege" : [
                  {
                     "name" : "read_only"
                  }
               ],
               "type" : {
                  "is_bind_type" : false,
                  "is_errorable" : false,
                  "name" : "float",
                  "valid_range" : {
                     "max" : 2147483647,
                     "min" : -2147483648
                  }
               }
            },
            {
               "get_privilege" : [
                  {
                     "name" : "read_only"
                  }
               ],
               "is_baked" : false,
               "is_read_only" : false,
               "name" : "headSegments",
               "set_privilege" : [
                  {
                     "name" : "read_only"
                  }
               ],
               "type" : {
                  "is_bind_type" : false,
                  "is_errorable" : false,
                  "name" : "int32",
                  "valid_range" : {
                     "max" : 2147483647,
                     "min" : -2147483648
                  }
               }
            }
         ],
         "type" : {
            "is_bind_type" : true,
            "is_errorable" : false,
            "name" : "DebugArrow"
         }
      },
      {
         "base_types" : [
            {
               "is_bind_type" : true,
               "is_errorable" : false,
               "name" : "DebugShape"
            }
         ],
         "constants" : [],
         "functions" : [
            {
               "arguments" : [
                  {
                     "details" : null,
                     "name" : "location",
                     "type" : {
                        "from_module" : {
                           "name" : "@minecraft/server",
                           "uuid" : "b26a4d4c-afdf-4690-88f8-931846312678",
                           "version" : "2.0.0"
                        },
                        "is_bind_type" : true,
                        "is_errorable" : false,
                        "name" : "Vector3"
                     }
                  }
               ],
               "call_privilege" : [
                  {
                     "name" : "read_only"
                  }
               ],
               "is_constructor" : true,
               "name" : "constructor",
               "return_type" : {
                  "is_bind_type" : true,
                  "is_errorable" : false,
                  "name" : "DebugBox"
               }
            }
         ],
         "name" : "DebugBox",
         "properties" : [
            {
               "get_privilege" : [
                  {
                     "name" : "read_only"
                  }
               ],
               "is_baked" : false,
               "is_read_only" : false,
               "name" : "bound",
               "set_privilege" : [
                  {
                     "name" : "read_only"
                  }
               ],
               "type" : {
                  "from_module" : {
                     "name" : "@minecraft/server",
                     "uuid" : "b26a4d4c-afdf-4690-88f8-931846312678",
                     "version" : "2.0.0"
                  },
                  "is_bind_type" : true,
                  "is_errorable" : false,
                  "name" : "Vector3"
               }
            }
         ],
         "type" : {
            "is_bind_type" : true,
            "is_errorable" : false,
            "name" : "DebugBox"
         }
      },
      {
         "base_types" : [
            {
               "is_bind_type" : true,
               "is_errorable" : false,
               "name" : "DebugShape"
            }
         ],
         "constants" : [],
         "functions" : [
            {
               "arguments" : [
                  {
                     "details" : null,
                     "name" : "location",
                     "type" : {
                        "from_module" : {
                           "name" : "@minecraft/server",
                           "uuid" : "b26a4d4c-afdf-4690-88f8-931846312678",
                           "version" : "2.0.0"
                        },
                        "is_bind_type" : true,
                        "is_errorable" : false,
                        "name" : "Vector3"
                     }
                  }
               ],
               "call_privilege" : [
                  {
                     "name" : "read_only"
                  }
               ],
               "is_constructor" : true,
               "name" : "constructor",
               "return_type" : {
                  "is_bind_type" : true,
                  "is_errorable" : false,
                  "name" : "DebugCircle"
               }
            }
         ],
         "name" : "DebugCircle",
         "properties" : [],
         "type" : {
            "is_bind_type" : true,
            "is_errorable" : false,
            "name" : "DebugCircle"
         }
      },
      {
         "base_types" : [],
         "constants" : [],
         "functions" : [
            {
               "arguments" : [
                  {
                     "details" : null,
                     "name" : "shape",
                     "type" : {
                        "is_bind_type" : true,
                        "is_errorable" : false,
                        "name" : "DebugShape"
                     }
                  }
               ],
               "call_privilege" : [
                  {
                     "name" : "read_only"
                  }
               ],
               "is_constructor" : false,
               "is_static" : false,
               "name" : "addShape",
               "return_type" : {
                  "is_bind_type" : false,
                  "is_errorable" : false,
                  "name" : "undefined"
               }
            },
            {
               "arguments" : [],
               "call_privilege" : [
                  {
                     "name" : "read_only"
                  }
               ],
               "is_constructor" : false,
               "is_static" : false,
               "name" : "removeAll",
               "return_type" : {
                  "is_bind_type" : false,
                  "is_errorable" : false,
                  "name" : "undefined"
               }
            },
            {
               "arguments" : [
                  {
                     "details" : null,
                     "name" : "shape",
                     "type" : {
                        "is_bind_type" : true,
                        "is_errorable" : false,
                        "name" : "DebugShape"
                     }
                  }
               ],
               "call_privilege" : [
                  {
                     "name" : "read_only"
                  }
               ],
               "is_constructor" : false,
               "is_static" : false,
               "name" : "removeShape",
               "return_type" : {
                  "is_bind_type" : false,
                  "is_errorable" : false,
                  "name" : "undefined"
               }
            }
         ],
         "name" : "DebugDrawer",
         "properties" : [],
         "type" : {
            "is_bind_type" : true,
            "is_errorable" : false,
            "name" : "DebugDrawer"
         }
      },
      {
         "base_types" : [
            {
               "is_bind_type" : true,
               "is_errorable" : false,
               "name" : "DebugShape"
            }
         ],
         "constants" : [],
         "functions" : [
            {
               "arguments" : [
                  {
                     "details" : null,
                     "name" : "location",
                     "type" : {
                        "from_module" : {
                           "name" : "@minecraft/server",
                           "uuid" : "b26a4d4c-afdf-4690-88f8-931846312678",
                           "version" : "2.0.0"
                        },
                        "is_bind_type" : true,
                        "is_errorable" : false,
                        "name" : "Vector3"
                     }
                  },
                  {
                     "details" : null,
                     "name" : "endLocation",
                     "type" : {
                        "from_module" : {
                           "name" : "@minecraft/server",
                           "uuid" : "b26a4d4c-afdf-4690-88f8-931846312678",
                           "version" : "2.0.0"
                        },
                        "is_bind_type" : true,
                        "is_errorable" : false,
                        "name" : "Vector3"
                     }
                  }
               ],
               "call_privilege" : [
                  {
                     "name" : "read_only"
                  }
               ],
               "is_constructor" : true,
               "name" : "constructor",
               "return_type" : {
                  "is_bind_type" : true,
                  "is_errorable" : false,
                  "name" : "DebugLine"
               }
            }
         ],
         "name" : "DebugLine",
         "properties" : [
            {
               "get_privilege" : [
                  {
                     "name" : "read_only"
                  }
               ],
               "is_baked" : false,
               "is_read_only" : false,
               "name" : "endLocation",
               "set_privilege" : [
                  {
                     "name" : "read_only"
                  }
               ],
               "type" : {
                  "from_module" : {
                     "name" : "@minecraft/server",
                     "uuid" : "b26a4d4c-afdf-4690-88f8-931846312678",
                     "version" : "2.0.0"
                  },
                  "is_bind_type" : true,
                  "is_errorable" : false,
                  "name" : "Vector3"
               }
            }
         ],
         "type" : {
            "is_bind_type" : true,
            "is_errorable" : false,
            "name" : "DebugLine"
         }
      },
      {
         "base_types" : [],
         "constants" : [],
         "functions" : [
            {
               "arguments" : [],
               "call_privilege" : [
                  {
                     "name" : "read_only"
                  }
               ],
               "is_constructor" : false,
               "is_static" : false,
               "name" : "remove",
               "return_type" : {
                  "is_bind_type" : false,
                  "is_errorable" : false,
                  "name" : "undefined"
               }
            }
         ],
         "name" : "DebugShape",
         "properties" : [
            {
               "get_privilege" : [
                  {
                     "name" : "read_only"
                  }
               ],
               "is_baked" : false,
               "is_read_only" : false,
               "name" : "color",
               "set_privilege" : [
                  {
                     "name" : "read_only"
                  }
               ],
               "type" : {
                  "from_module" : {
                     "name" : "@minecraft/server",
                     "uuid" : "b26a4d4c-afdf-4690-88f8-931846312678",
                     "version" : "2.0.0"
                  },
                  "is_bind_type" : true,
                  "is_errorable" : false,
                  "name" : "RGB"
               }
            },
            {
               "get_privilege" : [
                  {
                     "name" : "read_only"
                  }
               ],
               "is_baked" : false,
               "is_read_only" : true,
               "name" : "hasDuration",
               "type" : {
                  "is_bind_type" : false,
                  "is_errorable" : false,
                  "name" : "boolean"
               }
            },
            {
               "get_privilege" : [
                  {
                     "name" : "read_only"
                  }
               ],
               "is_baked" : false,
               "is_read_only" : false,
               "name" : "location",
               "set_privilege" : [
                  {
                     "name" : "read_only"
                  }
               ],
               "type" : {
                  "from_module" : {
                     "name" : "@minecraft/server",
                     "uuid" : "b26a4d4c-afdf-4690-88f8-931846312678",
                     "version" : "2.0.0"
                  },
                  "is_bind_type" : true,
                  "is_errorable" : false,
                  "name" : "Vector3"
               }
            },
            {
               "get_privilege" : [
                  {
                     "name" : "read_only"
                  }
               ],
               "is_baked" : false,
               "is_read_only" : false,
               "name" : "rotation",
               "set_privilege" : [
                  {
                     "name" : "read_only"
                  }
               ],
               "type" : {
                  "from_module" : {
                     "name" : "@minecraft/server",
                     "uuid" : "b26a4d4c-afdf-4690-88f8-931846312678",
                     "version" : "2.0.0"
                  },
                  "is_bind_type" : true,
                  "is_errorable" : false,
                  "name" : "Vector3"
               }
            },
            {
               "get_privilege" : [
                  {
                     "name" : "read_only"
                  }
               ],
               "is_baked" : false,
               "is_read_only" : false,
               "name" : "scale",
               "set_privilege" : [
                  {
                     "name" : "read_only"
                  }
               ],
               "type" : {
                  "is_bind_type" : false,
                  "is_errorable" : false,
                  "name" : "float",
                  "valid_range" : {
                     "max" : 2147483647,
                     "min" : -2147483648
                  }
               }
            },
            {
               "get_privilege" : [
                  {
                     "name" : "read_only"
                  }
               ],
               "is_baked" : false,
               "is_read_only" : false,
               "name" : "timeLeft",
               "set_privilege" : [
                  {
                     "name" : "read_only"
                  }
               ],
               "type" : {
                  "is_bind_type" : false,
                  "is_errorable" : false,
                  "name" : "optional",
                  "optional_type" : {
                     "is_bind_type" : false,
                     "is_errorable" : false,
                     "name" : "float",
                     "valid_range" : {
                        "max" : 2147483647,
                        "min" : -2147483648
                     }
                  }
               }
            },
            {
               "get_privilege" : [
                  {
                     "name" : "read_only"
                  }
               ],
               "is_baked" : false,
               "is_read_only" : true,
               "name" : "totalTimeLeft",
               "type" : {
                  "is_bind_type" : false,
                  "is_errorable" : false,
                  "name" : "optional",
                  "optional_type" : {
                     "is_bind_type" : false,
                     "is_errorable" : false,
                     "name" : "float",
                     "valid_range" : {
                        "max" : 2147483647,
                        "min" : -2147483648
                     }
                  }
               }
            }
         ],
         "type" : {
            "is_bind_type" : true,
            "is_errorable" : false,
            "name" : "DebugShape"
         }
      },
      {
         "base_types" : [
            {
               "is_bind_type" : true,
               "is_errorable" : false,
               "name" : "DebugShape"
            }
         ],
         "constants" : [],
         "functions" : [
            {
               "arguments" : [
                  {
                     "details" : null,
                     "name" : "location",
                     "type" : {
                        "from_module" : {
                           "name" : "@minecraft/server",
                           "uuid" : "b26a4d4c-afdf-4690-88f8-931846312678",
                           "version" : "2.0.0"
                        },
                        "is_bind_type" : true,
                        "is_errorable" : false,
                        "name" : "Vector3"
                     }
                  }
               ],
               "call_privilege" : [
                  {
                     "name" : "read_only"
                  }
               ],
               "is_constructor" : true,
               "name" : "constructor",
               "return_type" : {
                  "is_bind_type" : true,
                  "is_errorable" : false,
                  "name" : "DebugSphere"
               }
            }
         ],
         "name" : "DebugSphere",
         "properties" : [],
         "type" : {
            "is_bind_type" : true,
            "is_errorable" : false,
            "name" : "DebugSphere"
         }
      },
      {
         "base_types" : [
            {
               "is_bind_type" : true,
               "is_errorable" : false,
               "name" : "DebugShape"
            }
         ],
         "constants" : [],
         "functions" : [
            {
               "arguments" : [
                  {
                     "details" : null,
                     "name" : "location",
                     "type" : {
                        "from_module" : {
                           "name" : "@minecraft/server",
                           "uuid" : "b26a4d4c-afdf-4690-88f8-931846312678",
                           "version" : "2.0.0"
                        },
                        "is_bind_type" : true,
                        "is_errorable" : false,
                        "name" : "Vector3"
                     }
                  },
                  {
                     "details" : null,
                     "name" : "text",
                     "type" : {
                        "is_bind_type" : false,
                        "is_errorable" : false,
                        "name" : "string"
                     }
                  }
               ],
               "call_privilege" : [
                  {
                     "name" : "read_only"
                  }
               ],
               "is_constructor" : true,
               "name" : "constructor",
               "return_type" : {
                  "is_bind_type" : true,
                  "is_errorable" : false,
                  "name" : "DebugText"
               }
            }
         ],
         "name" : "DebugText",
         "properties" : [
            {
               "get_privilege" : [
                  {
                     "name" : "read_only"
                  }
               ],
               "is_baked" : false,
               "is_read_only" : false,
               "name" : "text",
               "set_privilege" : [
                  {
                     "name" : "read_only"
                  }
               ],
               "type" : {
                  "is_bind_type" : false,
                  "is_errorable" : false,
                  "name" : "string"
               }
            }
         ],
         "type" : {
            "is_bind_type" : true,
            "is_errorable" : false,
            "name" : "DebugText"
         }
      }
   ],
   "constants" : [],
   "dependencies" : [],
   "enums" : [],
   "errors" : [],
   "functions" : [
      {
         "arguments" : [],
         "call_privilege" : [
            {
               "name" : "read_only"
            }
         ],
         "is_constructor" : false,
         "is_static" : true,
         "name" : "collectPluginStats",
         "return_type" : {
            "is_bind_type" : true,
            "is_errorable" : false,
            "name" : "PluginStats"
         }
      },
      {
         "arguments" : [],
         "call_privilege" : [
            {
               "name" : "read_only"
            }
         ],
         "is_constructor" : false,
         "is_static" : true,
         "name" : "collectRuntimeStats",
         "return_type" : {
            "is_bind_type" : true,
            "is_errorable" : false,
            "name" : "RuntimeStats"
         }
      },
      {
         "arguments" : [
            {
               "details" : null,
               "name" : "disable",
               "type" : {
                  "is_bind_type" : false,
                  "is_errorable" : false,
                  "name" : "boolean"
               }
            }
         ],
         "call_privilege" : [
            {
               "name" : "read_only"
            }
         ],
         "is_constructor" : false,
         "is_static" : true,
         "name" : "disableWatchdogTimingWarnings",
         "return_type" : {
            "is_bind_type" : false,
            "is_errorable" : true,
            "name" : "undefined"
         }
      }
   ],
   "interfaces" : [
      {
         "base_types" : [],
         "name" : "HandleCounts",
         "properties" : [
            {
               "is_baked" : false,
               "is_read_only" : false,
               "name" : "handleCounts",
               "type" : {
                  "is_bind_type" : false,
                  "is_errorable" : false,
                  "key_type" : {
                     "is_bind_type" : false,
                     "is_errorable" : false,
                     "name" : "string"
                  },
                  "name" : "map",
                  "value_type" : {
                     "is_bind_type" : false,
                     "is_errorable" : false,
                     "name" : "int32",
                     "valid_range" : {
                        "max" : 2147483647,
                        "min" : -2147483648
                     }
                  }
               }
            },
            {
               "is_baked" : false,
               "is_read_only" : false,
               "name" : "name",
               "type" : {
                  "is_bind_type" : false,
                  "is_errorable" : false,
                  "name" : "string"
               }
            },
            {
               "is_baked" : false,
               "is_read_only" : false,
               "name" : "packId",
               "type" : {
                  "is_bind_type" : false,
                  "is_errorable" : false,
                  "name" : "string"
               }
            },
            {
               "is_baked" : false,
               "is_read_only" : false,
               "name" : "scriptModuleUUID",
               "type" : {
                  "is_bind_type" : false,
                  "is_errorable" : false,
                  "name" : "string"
               }
            }
         ],
         "type" : {
            "is_bind_type" : true,
            "is_errorable" : false,
            "name" : "HandleCounts"
         }
      },
      {
         "base_types" : [],
         "name" : "PluginStats",
         "properties" : [
            {
               "is_baked" : false,
               "is_read_only" : false,
               "name" : "plugins",
               "type" : {
                  "element_type" : {
                     "is_bind_type" : true,
                     "is_errorable" : false,
                     "name" : "HandleCounts"
                  },
                  "is_bind_type" : false,
                  "is_errorable" : false,
                  "name" : "array"
               }
            }
         ],
         "type" : {
            "is_bind_type" : true,
            "is_errorable" : false,
            "name" : "PluginStats"
         }
      },
      {
         "base_types" : [],
         "name" : "RuntimeStats",
         "properties" : [
            {
               "is_baked" : false,
               "is_read_only" : false,
               "name" : "arrayCount",
               "type" : {
                  "is_bind_type" : false,
                  "is_errorable" : false,
                  "name" : "int64",
                  "valid_range" : {
                     "max" : 2147483647,
                     "min" : -2147483648
                  }
               }
            },
            {
               "is_baked" : false,
               "is_read_only" : false,
               "name" : "atomCount",
               "type" : {
                  "is_bind_type" : false,
                  "is_errorable" : false,
                  "name" : "int64",
                  "valid_range" : {
                     "max" : 2147483647,
                     "min" : -2147483648
                  }
               }
            },
            {
               "is_baked" : false,
               "is_read_only" : false,
               "name" : "atomSize",
               "type" : {
                  "is_bind_type" : false,
                  "is_errorable" : false,
                  "name" : "int64",
                  "valid_range" : {
                     "max" : 2147483647,
                     "min" : -2147483648
                  }
               }
            },
            {
               "is_baked" : false,
               "is_read_only" : false,
               "name" : "fastArrayCount",
               "type" : {
                  "is_bind_type" : false,
                  "is_errorable" : false,
                  "name" : "int64",
                  "valid_range" : {
                     "max" : 2147483647,
                     "min" : -2147483648
                  }
               }
            },
            {
               "is_baked" : false,
               "is_read_only" : false,
               "name" : "fastArrayElementCount",
               "type" : {
                  "is_bind_type" : false,
                  "is_errorable" : false,
                  "name" : "int64",
                  "valid_range" : {
                     "max" : 2147483647,
                     "min" : -2147483648
                  }
               }
            },
            {
               "is_baked" : false,
               "is_read_only" : false,
               "name" : "functionCodeSize",
               "type" : {
                  "is_bind_type" : false,
                  "is_errorable" : false,
                  "name" : "int64",
                  "valid_range" : {
                     "max" : 2147483647,
                     "min" : -2147483648
                  }
               }
            },
            {
               "is_baked" : false,
               "is_read_only" : false,
               "name" : "functionCount",
               "type" : {
                  "is_bind_type" : false,
                  "is_errorable" : false,
                  "name" : "int64",
                  "valid_range" : {
                     "max" : 2147483647,
                     "min" : -2147483648
                  }
               }
            },
            {
               "is_baked" : false,
               "is_read_only" : false,
               "name" : "functionLineCount",
               "type" : {
                  "is_bind_type" : false,
                  "is_errorable" : false,
                  "name" : "int64",
                  "valid_range" : {
                     "max" : 2147483647,
                     "min" : -2147483648
                  }
               }
            },
            {
               "is_baked" : false,
               "is_read_only" : false,
               "name" : "functionSize",
               "type" : {
                  "is_bind_type" : false,
                  "is_errorable" : false,
                  "name" : "int64",
                  "valid_range" : {
                     "max" : 2147483647,
                     "min" : -2147483648
                  }
               }
            },
            {
               "is_baked" : false,
               "is_read_only" : false,
               "name" : "memoryAllocatedCount",
               "type" : {
                  "is_bind_type" : false,
                  "is_errorable" : false,
                  "name" : "int64",
                  "valid_range" : {
                     "max" : 2147483647,
                     "min" : -2147483648
                  }
               }
            },
            {
               "is_baked" : false,
               "is_read_only" : false,
               "name" : "memoryAllocatedSize",
               "type" : {
                  "is_bind_type" : false,
                  "is_errorable" : false,
                  "name" : "int64",
                  "valid_range" : {
                     "max" : 2147483647,
                     "min" : -2147483648
                  }
               }
            },
            {
               "is_baked" : false,
               "is_read_only" : false,
               "name" : "memoryUsedCount",
               "type" : {
                  "is_bind_type" : false,
                  "is_errorable" : false,
                  "name" : "int64",
                  "valid_range" : {
                     "max" : 2147483647,
                     "min" : -2147483648
                  }
               }
            },
            {
               "is_baked" : false,
               "is_read_only" : false,
               "name" : "memoryUsedSize",
               "type" : {
                  "is_bind_type" : false,
                  "is_errorable" : false,
                  "name" : "int64",
                  "valid_range" : {
                     "max" : 2147483647,
                     "min" : -2147483648
                  }
               }
            },
            {
               "is_baked" : false,
               "is_read_only" : false,
               "name" : "objectCount",
               "type" : {
                  "is_bind_type" : false,
                  "is_errorable" : false,
                  "name" : "int64",
                  "valid_range" : {
                     "max" : 2147483647,
                     "min" : -2147483648
                  }
               }
            },
            {
               "is_baked" : false,
               "is_read_only" : false,
               "name" : "objectSize",
               "type" : {
                  "is_bind_type" : false,
                  "is_errorable" : false,
                  "name" : "int64",
                  "valid_range" : {
                     "max" : 2147483647,
                     "min" : -2147483648
                  }
               }
            },
            {
               "is_baked" : false,
               "is_read_only" : false,
               "name" : "propertyCount",
               "type" : {
                  "is_bind_type" : false,
                  "is_errorable" : false,
                  "name" : "int64",
                  "valid_range" : {
                     "max" : 2147483647,
                     "min" : -2147483648
                  }
               }
            },
            {
               "is_baked" : false,
               "is_read_only" : false,
               "name" : "propertySize",
               "type" : {
                  "is_bind_type" : false,
                  "is_errorable" : false,
                  "name" : "int64",
                  "valid_range" : {
                     "max" : 2147483647,
                     "min" : -2147483648
                  }
               }
            },
            {
               "is_baked" : false,
               "is_read_only" : false,
               "name" : "stringCount",
               "type" : {
                  "is_bind_type" : false,
                  "is_errorable" : false,
                  "name" : "int64",
                  "valid_range" : {
                     "max" : 2147483647,
                     "min" : -2147483648
                  }
               }
            },
            {
               "is_baked" : false,
               "is_read_only" : false,
               "name" : "stringSize",
               "type" : {
                  "is_bind_type" : false,
                  "is_errorable" : false,
                  "name" : "int64",
                  "valid_range" : {
                     "max" : 2147483647,
                     "min" : -2147483648
                  }
               }
            }
         ],
         "type" : {
            "is_bind_type" : true,
            "is_errorable" : false,
            "name" : "RuntimeStats"
         }
      }
   ],
   "minecraft_version" : "1.21.110-beta.22",
   "module_type" : "script",
   "name" : "@minecraft/debug-utilities",
   "objects" : [
      {
         "is_read_only" : true,
         "is_static" : true,
         "name" : "debugDrawer",
         "type" : {
            "is_bind_type" : true,
            "is_errorable" : false,
            "name" : "DebugDrawer"
         }
      }
   ],
   "peer_dependencies" : [
      {
         "name" : "@minecraft/common",
         "uuid" : "77ec12b4-1b2b-4c98-8d34-d1cd63f849d5",
         "versions" : [
            {
               "version" : "1.0.0"
            }
         ]
      },
      {
         "name" : "@minecraft/server",
         "uuid" : "b26a4d4c-afdf-4690-88f8-931846312678",
         "versions" : [
            {
               "version" : "1.17.0"
            },
            {
               "version" : "2.0.0"
            }
         ]
      }
   ],
   "type_aliases" : [],
   "uuid" : "1796ea86-0daf-4409-99ee-fd6467cf1203",
   "version" : "1.0.0-beta"
}
