{
   "classes" : [
      {
         "base_types" : [],
         "constants" : [],
         "functions" : [
            {
               "arguments" : [
                  {
                     "details" : null,
                     "name" : "bodyText",
                     "type" : {
                        "is_bind_type" : false,
                        "is_errorable" : false,
                        "name" : "variant",
                        "variant_types" : [
                           {
                              "from_module" : {
                                 "name" : "@minecraft/server-bindings",
                                 "uuid" : "0196a2fa-8fb5-79a7-b29e-ce3cbc644f82",
                                 "version" : "1.2.0"
                              },
                              "is_bind_type" : true,
                              "is_errorable" : false,
                              "name" : "RawMessage"
                           },
                           {
                              "is_bind_type" : false,
                              "is_errorable" : false,
                              "name" : "string"
                           }
                        ]
                     }
                  }
               ],
               "call_privilege" : [
                  {
                     "name" : "read_only"
                  }
               ],
               "is_constructor" : false,
               "is_static" : false,
               "name" : "body",
               "return_type" : {
                  "is_bind_type" : true,
                  "is_errorable" : false,
                  "name" : "ActionFormData"
               }
            },
            {
               "arguments" : [
                  {
                     "details" : null,
                     "name" : "text",
                     "type" : {
                        "is_bind_type" : false,
                        "is_errorable" : false,
                        "name" : "variant",
                        "variant_types" : [
                           {
                              "from_module" : {
                                 "name" : "@minecraft/server-bindings",
                                 "uuid" : "0196a2fa-8fb5-79a7-b29e-ce3cbc644f82",
                                 "version" : "1.2.0"
                              },
                              "is_bind_type" : true,
                              "is_errorable" : false,
                              "name" : "RawMessage"
                           },
                           {
                              "is_bind_type" : false,
                              "is_errorable" : false,
                              "name" : "string"
                           }
                        ]
                     }
                  },
                  {
                     "details" : {
                        "default_value" : "null"
                     },
                     "name" : "iconPath",
                     "type" : {
                        "is_bind_type" : false,
                        "is_errorable" : false,
                        "name" : "optional",
                        "optional_type" : {
                           "is_bind_type" : false,
                           "is_errorable" : false,
                           "name" : "string"
                        }
                     }
                  }
               ],
               "call_privilege" : [
                  {
                     "name" : "read_only"
                  }
               ],
               "is_constructor" : false,
               "is_static" : false,
               "name" : "button",
               "return_type" : {
                  "is_bind_type" : true,
                  "is_errorable" : false,
                  "name" : "ActionFormData"
               }
            },
            {
               "arguments" : [],
               "call_privilege" : [
                  {
                     "name" : "read_only"
                  }
               ],
               "is_constructor" : true,
               "name" : "constructor",
               "return_type" : {
                  "is_bind_type" : true,
                  "is_errorable" : false,
                  "name" : "ActionFormData"
               }
            },
            {
               "arguments" : [
                  {
                     "details" : null,
                     "name" : "player",
                     "type" : {
                        "from_module" : {
                           "name" : "@minecraft/server-bindings",
                           "uuid" : "0196a2fa-8fb5-79a7-b29e-ce3cbc644f82",
                           "version" : "1.2.0"
                        },
                        "is_bind_type" : true,
                        "is_errorable" : false,
                        "name" : "Player"
                     }
                  }
               ],
               "call_privilege" : [
                  {
                     "name" : "none"
                  }
               ],
               "is_constructor" : false,
               "is_static" : false,
               "name" : "show",
               "return_type" : {
                  "error_types" : [
                     {
                        "from_module" : {
                           "name" : "@minecraft/common",
                           "uuid" : "77ec12b4-1b2b-4c98-8d34-d1cd63f849d5",
                           "version" : "1.2.0"
                        },
                        "is_bind_type" : true,
                        "is_errorable" : false,
                        "name" : "EngineError"
                     },
                     {
                        "from_module" : {
                           "name" : "@minecraft/server-bindings",
                           "uuid" : "0196a2fa-8fb5-79a7-b29e-ce3cbc644f82",
                           "version" : "1.2.0"
                        },
                        "is_bind_type" : true,
                        "is_errorable" : false,
                        "name" : "InvalidEntityError"
                     },
                     {
                        "from_module" : {
                           "name" : "@minecraft/server-bindings",
                           "uuid" : "0196a2fa-8fb5-79a7-b29e-ce3cbc644f82",
                           "version" : "1.2.0"
                        },
                        "is_bind_type" : true,
                        "is_errorable" : false,
                        "name" : "RawMessageError"
                     }
                  ],
                  "is_bind_type" : false,
                  "is_errorable" : true,
                  "name" : "promise",
                  "promise_type" : {
                     "is_bind_type" : true,
                     "is_errorable" : false,
                     "name" : "ActionFormResponse"
                  }
               }
            },
            {
               "arguments" : [
                  {
                     "details" : null,
                     "name" : "titleText",
                     "type" : {
                        "is_bind_type" : false,
                        "is_errorable" : false,
                        "name" : "variant",
                        "variant_types" : [
                           {
                              "from_module" : {
                                 "name" : "@minecraft/server-bindings",
                                 "uuid" : "0196a2fa-8fb5-79a7-b29e-ce3cbc644f82",
                                 "version" : "1.2.0"
                              },
                              "is_bind_type" : true,
                              "is_errorable" : false,
                              "name" : "RawMessage"
                           },
                           {
                              "is_bind_type" : false,
                              "is_errorable" : false,
                              "name" : "string"
                           }
                        ]
                     }
                  }
               ],
               "call_privilege" : [
                  {
                     "name" : "read_only"
                  }
               ],
               "is_constructor" : false,
               "is_static" : false,
               "name" : "title",
               "return_type" : {
                  "is_bind_type" : true,
                  "is_errorable" : false,
                  "name" : "ActionFormData"
               }
            }
         ],
         "name" : "ActionFormData",
         "properties" : [],
         "type" : {
            "is_bind_type" : true,
            "is_errorable" : false,
            "name" : "ActionFormData"
         }
      },
      {
         "base_types" : [
            {
               "is_bind_type" : true,
               "is_errorable" : false,
               "name" : "FormResponse"
            }
         ],
         "constants" : [],
         "functions" : [],
         "name" : "ActionFormResponse",
         "properties" : [
            {
               "get_privilege" : [
                  {
                     "name" : "read_only"
                  }
               ],
               "is_baked" : false,
               "is_read_only" : true,
               "name" : "selection",
               "type" : {
                  "is_bind_type" : false,
                  "is_errorable" : false,
                  "name" : "optional",
                  "optional_type" : {
                     "is_bind_type" : false,
                     "is_errorable" : false,
                     "name" : "uint32",
                     "valid_range" : {
                        "max" : 2147483647,
                        "min" : -2147483648
                     }
                  }
               }
            }
         ],
         "type" : {
            "is_bind_type" : true,
            "is_errorable" : false,
            "name" : "ActionFormResponse"
         }
      },
      {
         "base_types" : [],
         "constants" : [],
         "functions" : [],
         "name" : "FormResponse",
         "properties" : [],
         "type" : {
            "is_bind_type" : true,
            "is_errorable" : false,
            "name" : "FormResponse"
         }
      },
      {
         "base_types" : [],
         "constants" : [],
         "functions" : [
            {
               "arguments" : [
                  {
                     "details" : null,
                     "name" : "bodyText",
                     "type" : {
                        "is_bind_type" : false,
                        "is_errorable" : false,
                        "name" : "variant",
                        "variant_types" : [
                           {
                              "from_module" : {
                                 "name" : "@minecraft/server-bindings",
                                 "uuid" : "0196a2fa-8fb5-79a7-b29e-ce3cbc644f82",
                                 "version" : "1.2.0"
                              },
                              "is_bind_type" : true,
                              "is_errorable" : false,
                              "name" : "RawMessage"
                           },
                           {
                              "is_bind_type" : false,
                              "is_errorable" : false,
                              "name" : "string"
                           }
                        ]
                     }
                  }
               ],
               "call_privilege" : [
                  {
                     "name" : "read_only"
                  }
               ],
               "is_constructor" : false,
               "is_static" : false,
               "name" : "body",
               "return_type" : {
                  "is_bind_type" : true,
                  "is_errorable" : false,
                  "name" : "MessageFormData"
               }
            },
            {
               "arguments" : [
                  {
                     "details" : null,
                     "name" : "text",
                     "type" : {
                        "is_bind_type" : false,
                        "is_errorable" : false,
                        "name" : "variant",
                        "variant_types" : [
                           {
                              "from_module" : {
                                 "name" : "@minecraft/server-bindings",
                                 "uuid" : "0196a2fa-8fb5-79a7-b29e-ce3cbc644f82",
                                 "version" : "1.2.0"
                              },
                              "is_bind_type" : true,
                              "is_errorable" : false,
                              "name" : "RawMessage"
                           },
                           {
                              "is_bind_type" : false,
                              "is_errorable" : false,
                              "name" : "string"
                           }
                        ]
                     }
                  }
               ],
               "call_privilege" : [
                  {
                     "name" : "read_only"
                  }
               ],
               "is_constructor" : false,
               "is_static" : false,
               "name" : "button1",
               "return_type" : {
                  "is_bind_type" : true,
                  "is_errorable" : false,
                  "name" : "MessageFormData"
               }
            },
            {
               "arguments" : [
                  {
                     "details" : null,
                     "name" : "text",
                     "type" : {
                        "is_bind_type" : false,
                        "is_errorable" : false,
                        "name" : "variant",
                        "variant_types" : [
                           {
                              "from_module" : {
                                 "name" : "@minecraft/server-bindings",
                                 "uuid" : "0196a2fa-8fb5-79a7-b29e-ce3cbc644f82",
                                 "version" : "1.2.0"
                              },
                              "is_bind_type" : true,
                              "is_errorable" : false,
                              "name" : "RawMessage"
                           },
                           {
                              "is_bind_type" : false,
                              "is_errorable" : false,
                              "name" : "string"
                           }
                        ]
                     }
                  }
               ],
               "call_privilege" : [
                  {
                     "name" : "read_only"
                  }
               ],
               "is_constructor" : false,
               "is_static" : false,
               "name" : "button2",
               "return_type" : {
                  "is_bind_type" : true,
                  "is_errorable" : false,
                  "name" : "MessageFormData"
               }
            },
            {
               "arguments" : [],
               "call_privilege" : [
                  {
                     "name" : "read_only"
                  }
               ],
               "is_constructor" : true,
               "name" : "constructor",
               "return_type" : {
                  "is_bind_type" : true,
                  "is_errorable" : false,
                  "name" : "MessageFormData"
               }
            },
            {
               "arguments" : [
                  {
                     "details" : null,
                     "name" : "player",
                     "type" : {
                        "from_module" : {
                           "name" : "@minecraft/server-bindings",
                           "uuid" : "0196a2fa-8fb5-79a7-b29e-ce3cbc644f82",
                           "version" : "1.2.0"
                        },
                        "is_bind_type" : true,
                        "is_errorable" : false,
                        "name" : "Player"
                     }
                  }
               ],
               "call_privilege" : [
                  {
                     "name" : "none"
                  }
               ],
               "is_constructor" : false,
               "is_static" : false,
               "name" : "show",
               "return_type" : {
                  "is_bind_type" : false,
                  "is_errorable" : true,
                  "name" : "promise",
                  "promise_type" : {
                     "is_bind_type" : true,
                     "is_errorable" : false,
                     "name" : "MessageFormResponse"
                  }
               }
            },
            {
               "arguments" : [
                  {
                     "details" : null,
                     "name" : "titleText",
                     "type" : {
                        "is_bind_type" : false,
                        "is_errorable" : false,
                        "name" : "variant",
                        "variant_types" : [
                           {
                              "from_module" : {
                                 "name" : "@minecraft/server-bindings",
                                 "uuid" : "0196a2fa-8fb5-79a7-b29e-ce3cbc644f82",
                                 "version" : "1.2.0"
                              },
                              "is_bind_type" : true,
                              "is_errorable" : false,
                              "name" : "RawMessage"
                           },
                           {
                              "is_bind_type" : false,
                              "is_errorable" : false,
                              "name" : "string"
                           }
                        ]
                     }
                  }
               ],
               "call_privilege" : [
                  {
                     "name" : "read_only"
                  }
               ],
               "is_constructor" : false,
               "is_static" : false,
               "name" : "title",
               "return_type" : {
                  "is_bind_type" : true,
                  "is_errorable" : false,
                  "name" : "MessageFormData"
               }
            }
         ],
         "name" : "MessageFormData",
         "properties" : [],
         "type" : {
            "is_bind_type" : true,
            "is_errorable" : false,
            "name" : "MessageFormData"
         }
      },
      {
         "base_types" : [
            {
               "is_bind_type" : true,
               "is_errorable" : false,
               "name" : "FormResponse"
            }
         ],
         "constants" : [],
         "functions" : [],
         "name" : "MessageFormResponse",
         "properties" : [
            {
               "get_privilege" : [
                  {
                     "name" : "read_only"
                  }
               ],
               "is_baked" : false,
               "is_read_only" : true,
               "name" : "selection",
               "type" : {
                  "is_bind_type" : false,
                  "is_errorable" : false,
                  "name" : "optional",
                  "optional_type" : {
                     "is_bind_type" : false,
                     "is_errorable" : false,
                     "name" : "uint8",
                     "valid_range" : {
                        "max" : 2147483647,
                        "min" : -2147483648
                     }
                  }
               }
            }
         ],
         "type" : {
            "is_bind_type" : true,
            "is_errorable" : false,
            "name" : "MessageFormResponse"
         }
      },
      {
         "base_types" : [],
         "constants" : [],
         "functions" : [
            {
               "arguments" : [],
               "call_privilege" : [
                  {
                     "name" : "read_only"
                  }
               ],
               "is_constructor" : true,
               "name" : "constructor",
               "return_type" : {
                  "is_bind_type" : true,
                  "is_errorable" : false,
                  "name" : "ModalFormData"
               }
            },
            {
               "arguments" : [
                  {
                     "details" : null,
                     "name" : "label",
                     "type" : {
                        "is_bind_type" : false,
                        "is_errorable" : false,
                        "name" : "variant",
                        "variant_types" : [
                           {
                              "from_module" : {
                                 "name" : "@minecraft/server-bindings",
                                 "uuid" : "0196a2fa-8fb5-79a7-b29e-ce3cbc644f82",
                                 "version" : "1.2.0"
                              },
                              "is_bind_type" : true,
                              "is_errorable" : false,
                              "name" : "RawMessage"
                           },
                           {
                              "is_bind_type" : false,
                              "is_errorable" : false,
                              "name" : "string"
                           }
                        ]
                     }
                  },
                  {
                     "details" : null,
                     "name" : "options",
                     "type" : {
                        "element_type" : {
                           "is_bind_type" : false,
                           "is_errorable" : false,
                           "name" : "variant",
                           "variant_types" : [
                              {
                                 "from_module" : {
                                    "name" : "@minecraft/server-bindings",
                                    "uuid" : "0196a2fa-8fb5-79a7-b29e-ce3cbc644f82",
                                    "version" : "1.2.0"
                                 },
                                 "is_bind_type" : true,
                                 "is_errorable" : false,
                                 "name" : "RawMessage"
                              },
                              {
                                 "is_bind_type" : false,
                                 "is_errorable" : false,
                                 "name" : "string"
                              }
                           ]
                        },
                        "is_bind_type" : false,
                        "is_errorable" : false,
                        "name" : "array"
                     }
                  },
                  {
                     "details" : {
                        "default_value" : "null"
                     },
                     "name" : "defaultValueIndex",
                     "type" : {
                        "is_bind_type" : false,
                        "is_errorable" : false,
                        "name" : "optional",
                        "optional_type" : {
                           "is_bind_type" : false,
                           "is_errorable" : false,
                           "name" : "int32",
                           "valid_range" : {
                              "max" : 2147483647,
                              "min" : -2147483648
                           }
                        }
                     }
                  }
               ],
               "call_privilege" : [
                  {
                     "name" : "read_only"
                  }
               ],
               "is_constructor" : false,
               "is_static" : false,
               "name" : "dropdown",
               "return_type" : {
                  "is_bind_type" : true,
                  "is_errorable" : false,
                  "name" : "ModalFormData"
               }
            },
            {
               "arguments" : [
                  {
                     "details" : null,
                     "name" : "player",
                     "type" : {
                        "from_module" : {
                           "name" : "@minecraft/server-bindings",
                           "uuid" : "0196a2fa-8fb5-79a7-b29e-ce3cbc644f82",
                           "version" : "1.2.0"
                        },
                        "is_bind_type" : true,
                        "is_errorable" : false,
                        "name" : "Player"
                     }
                  }
               ],
               "call_privilege" : [
                  {
                     "name" : "none"
                  }
               ],
               "is_constructor" : false,
               "is_static" : false,
               "name" : "show",
               "return_type" : {
                  "error_types" : [
                     {
                        "from_module" : {
                           "name" : "@minecraft/common",
                           "uuid" : "77ec12b4-1b2b-4c98-8d34-d1cd63f849d5",
                           "version" : "1.2.0"
                        },
                        "is_bind_type" : true,
                        "is_errorable" : false,
                        "name" : "EngineError"
                     },
                     {
                        "from_module" : {
                           "name" : "@minecraft/server-bindings",
                           "uuid" : "0196a2fa-8fb5-79a7-b29e-ce3cbc644f82",
                           "version" : "1.2.0"
                        },
                        "is_bind_type" : true,
                        "is_errorable" : false,
                        "name" : "InvalidEntityError"
                     },
                     {
                        "from_module" : {
                           "name" : "@minecraft/server-bindings",
                           "uuid" : "0196a2fa-8fb5-79a7-b29e-ce3cbc644f82",
                           "version" : "1.2.0"
                        },
                        "is_bind_type" : true,
                        "is_errorable" : false,
                        "name" : "RawMessageError"
                     }
                  ],
                  "is_bind_type" : false,
                  "is_errorable" : true,
                  "name" : "promise",
                  "promise_type" : {
                     "is_bind_type" : true,
                     "is_errorable" : false,
                     "name" : "ModalFormResponse"
                  }
               }
            },
            {
               "arguments" : [
                  {
                     "details" : null,
                     "name" : "label",
                     "type" : {
                        "is_bind_type" : false,
                        "is_errorable" : false,
                        "name" : "variant",
                        "variant_types" : [
                           {
                              "from_module" : {
                                 "name" : "@minecraft/server-bindings",
                                 "uuid" : "0196a2fa-8fb5-79a7-b29e-ce3cbc644f82",
                                 "version" : "1.2.0"
                              },
                              "is_bind_type" : true,
                              "is_errorable" : false,
                              "name" : "RawMessage"
                           },
                           {
                              "is_bind_type" : false,
                              "is_errorable" : false,
                              "name" : "string"
                           }
                        ]
                     }
                  },
                  {
                     "details" : {
                        "max_value" : 3.402823466385289e+38,
                        "min_value" : -3.402823466385289e+38
                     },
                     "name" : "minimumValue",
                     "type" : {
                        "is_bind_type" : false,
                        "is_errorable" : false,
                        "name" : "float",
                        "valid_range" : {
                           "max" : 2147483647,
                           "min" : -2147483648
                        }
                     }
                  },
                  {
                     "details" : {
                        "max_value" : 3.402823466385289e+38,
                        "min_value" : -3.402823466385289e+38
                     },
                     "name" : "maximumValue",
                     "type" : {
                        "is_bind_type" : false,
                        "is_errorable" : false,
                        "name" : "float",
                        "valid_range" : {
                           "max" : 2147483647,
                           "min" : -2147483648
                        }
                     }
                  },
                  {
                     "details" : {
                        "max_value" : 3.402823466385289e+38,
                        "min_value" : -3.402823466385289e+38
                     },
                     "name" : "valueStep",
                     "type" : {
                        "is_bind_type" : false,
                        "is_errorable" : false,
                        "name" : "float",
                        "valid_range" : {
                           "max" : 2147483647,
                           "min" : -2147483648
                        }
                     }
                  },
                  {
                     "details" : {
                        "default_value" : "null"
                     },
                     "name" : "defaultValue",
                     "type" : {
                        "is_bind_type" : false,
                        "is_errorable" : false,
                        "name" : "optional",
                        "optional_type" : {
                           "is_bind_type" : false,
                           "is_errorable" : false,
                           "name" : "float",
                           "valid_range" : {
                              "max" : 2147483647,
                              "min" : -2147483648
                           }
                        }
                     }
                  }
               ],
               "call_privilege" : [
                  {
                     "name" : "read_only"
                  }
               ],
               "is_constructor" : false,
               "is_static" : false,
               "name" : "slider",
               "return_type" : {
                  "is_bind_type" : true,
                  "is_errorable" : false,
                  "name" : "ModalFormData"
               }
            },
            {
               "arguments" : [
                  {
                     "details" : null,
                     "name" : "label",
                     "type" : {
                        "is_bind_type" : false,
                        "is_errorable" : false,
                        "name" : "variant",
                        "variant_types" : [
                           {
                              "from_module" : {
                                 "name" : "@minecraft/server-bindings",
                                 "uuid" : "0196a2fa-8fb5-79a7-b29e-ce3cbc644f82",
                                 "version" : "1.2.0"
                              },
                              "is_bind_type" : true,
                              "is_errorable" : false,
                              "name" : "RawMessage"
                           },
                           {
                              "is_bind_type" : false,
                              "is_errorable" : false,
                              "name" : "string"
                           }
                        ]
                     }
                  },
                  {
                     "details" : null,
                     "name" : "placeholderText",
                     "type" : {
                        "is_bind_type" : false,
                        "is_errorable" : false,
                        "name" : "variant",
                        "variant_types" : [
                           {
                              "from_module" : {
                                 "name" : "@minecraft/server-bindings",
                                 "uuid" : "0196a2fa-8fb5-79a7-b29e-ce3cbc644f82",
                                 "version" : "1.2.0"
                              },
                              "is_bind_type" : true,
                              "is_errorable" : false,
                              "name" : "RawMessage"
                           },
                           {
                              "is_bind_type" : false,
                              "is_errorable" : false,
                              "name" : "string"
                           }
                        ]
                     }
                  },
                  {
                     "details" : {
                        "default_value" : "null"
                     },
                     "name" : "defaultValue",
                     "type" : {
                        "is_bind_type" : false,
                        "is_errorable" : false,
                        "name" : "optional",
                        "optional_type" : {
                           "is_bind_type" : false,
                           "is_errorable" : false,
                           "name" : "variant",
                           "variant_types" : [
                              {
                                 "from_module" : {
                                    "name" : "@minecraft/server-bindings",
                                    "uuid" : "0196a2fa-8fb5-79a7-b29e-ce3cbc644f82",
                                    "version" : "1.2.0"
                                 },
                                 "is_bind_type" : true,
                                 "is_errorable" : false,
                                 "name" : "RawMessage"
                              },
                              {
                                 "is_bind_type" : false,
                                 "is_errorable" : false,
                                 "name" : "string"
                              }
                           ]
                        }
                     }
                  }
               ],
               "call_privilege" : [
                  {
                     "name" : "read_only"
                  }
               ],
               "is_constructor" : false,
               "is_static" : false,
               "name" : "textField",
               "return_type" : {
                  "is_bind_type" : true,
                  "is_errorable" : false,
                  "name" : "ModalFormData"
               }
            },
            {
               "arguments" : [
                  {
                     "details" : null,
                     "name" : "titleText",
                     "type" : {
                        "is_bind_type" : false,
                        "is_errorable" : false,
                        "name" : "variant",
                        "variant_types" : [
                           {
                              "from_module" : {
                                 "name" : "@minecraft/server-bindings",
                                 "uuid" : "0196a2fa-8fb5-79a7-b29e-ce3cbc644f82",
                                 "version" : "1.2.0"
                              },
                              "is_bind_type" : true,
                              "is_errorable" : false,
                              "name" : "RawMessage"
                           },
                           {
                              "is_bind_type" : false,
                              "is_errorable" : false,
                              "name" : "string"
                           }
                        ]
                     }
                  }
               ],
               "call_privilege" : [
                  {
                     "name" : "read_only"
                  }
               ],
               "is_constructor" : false,
               "is_static" : false,
               "name" : "title",
               "return_type" : {
                  "is_bind_type" : true,
                  "is_errorable" : false,
                  "name" : "ModalFormData"
               }
            },
            {
               "arguments" : [
                  {
                     "details" : null,
                     "name" : "label",
                     "type" : {
                        "is_bind_type" : false,
                        "is_errorable" : false,
                        "name" : "variant",
                        "variant_types" : [
                           {
                              "from_module" : {
                                 "name" : "@minecraft/server-bindings",
                                 "uuid" : "0196a2fa-8fb5-79a7-b29e-ce3cbc644f82",
                                 "version" : "1.2.0"
                              },
                              "is_bind_type" : true,
                              "is_errorable" : false,
                              "name" : "RawMessage"
                           },
                           {
                              "is_bind_type" : false,
                              "is_errorable" : false,
                              "name" : "string"
                           }
                        ]
                     }
                  },
                  {
                     "details" : {
                        "default_value" : "null"
                     },
                     "name" : "defaultValue",
                     "type" : {
                        "is_bind_type" : false,
                        "is_errorable" : false,
                        "name" : "optional",
                        "optional_type" : {
                           "is_bind_type" : false,
                           "is_errorable" : false,
                           "name" : "boolean"
                        }
                     }
                  }
               ],
               "call_privilege" : [
                  {
                     "name" : "read_only"
                  }
               ],
               "is_constructor" : false,
               "is_static" : false,
               "name" : "toggle",
               "return_type" : {
                  "is_bind_type" : true,
                  "is_errorable" : false,
                  "name" : "ModalFormData"
               }
            }
         ],
         "name" : "ModalFormData",
         "properties" : [],
         "type" : {
            "is_bind_type" : true,
            "is_errorable" : false,
            "name" : "ModalFormData"
         }
      },
      {
         "base_types" : [
            {
               "is_bind_type" : true,
               "is_errorable" : false,
               "name" : "FormResponse"
            }
         ],
         "constants" : [],
         "functions" : [],
         "name" : "ModalFormResponse",
         "properties" : [
            {
               "get_privilege" : [
                  {
                     "name" : "read_only"
                  }
               ],
               "is_baked" : false,
               "is_read_only" : true,
               "name" : "formValues",
               "type" : {
                  "is_bind_type" : false,
                  "is_errorable" : false,
                  "name" : "optional",
                  "optional_type" : {
                     "element_type" : {
                        "is_bind_type" : false,
                        "is_errorable" : false,
                        "name" : "variant",
                        "variant_types" : [
                           {
                              "is_bind_type" : false,
                              "is_errorable" : false,
                              "name" : "boolean"
                           },
                           {
                              "is_bind_type" : false,
                              "is_errorable" : false,
                              "name" : "float",
                              "valid_range" : {
                                 "max" : 2147483647,
                                 "min" : -2147483648
                              }
                           },
                           {
                              "is_bind_type" : false,
                              "is_errorable" : false,
                              "name" : "string"
                           }
                        ]
                     },
                     "is_bind_type" : false,
                     "is_errorable" : false,
                     "name" : "array"
                  }
               }
            }
         ],
         "type" : {
            "is_bind_type" : true,
            "is_errorable" : false,
            "name" : "ModalFormResponse"
         }
      }
   ],
   "constants" : [],
   "dependencies" : [],
   "enums" : [
      {
         "constants" : [
            {
               "is_read_only" : true,
               "is_static" : true,
               "name" : "MalformedResponse",
               "type" : {
                  "is_bind_type" : false,
                  "is_errorable" : false,
                  "name" : "string"
               },
               "value" : "MalformedResponse"
            },
            {
               "is_read_only" : true,
               "is_static" : true,
               "name" : "PlayerQuit",
               "type" : {
                  "is_bind_type" : false,
                  "is_errorable" : false,
                  "name" : "string"
               },
               "value" : "PlayerQuit"
            },
            {
               "is_read_only" : true,
               "is_static" : true,
               "name" : "ServerShutdown",
               "type" : {
                  "is_bind_type" : false,
                  "is_errorable" : false,
                  "name" : "string"
               },
               "value" : "ServerShutdown"
            }
         ],
         "name" : "FormRejectReason"
      }
   ],
   "errors" : [
      {
         "name" : "FormRejectError",
         "properties" : [
            {
               "get_privilege" : [
                  {
                     "name" : "read_only"
                  },
                  {
                     "name" : "early_execution"
                  }
               ],
               "is_baked" : false,
               "is_read_only" : true,
               "name" : "reason",
               "type" : {
                  "is_bind_type" : true,
                  "is_errorable" : false,
                  "name" : "FormRejectReason"
               }
            }
         ],
         "type" : {
            "is_bind_type" : true,
            "is_errorable" : false,
            "name" : "FormRejectError"
         }
      }
   ],
   "functions" : [],
   "interfaces" : [],
   "minecraft_version" : "1.21.120-beta.22",
   "module_type" : "script",
   "name" : "@minecraft/server-ui-bindings",
   "objects" : [],
   "peer_dependencies" : [
      {
         "name" : "@minecraft/common",
         "uuid" : "77ec12b4-1b2b-4c98-8d34-d1cd63f849d5",
         "versions" : [
            {
               "version" : "1.0.0"
            }
         ]
      },
      {
         "name" : "@minecraft/server",
         "uuid" : "b26a4d4c-afdf-4690-88f8-931846312678",
         "versions" : [
            {
               "version" : "1.2.0"
            }
         ]
      }
   ],
   "type_aliases" : [],
   "uuid" : "ceded7ee-4d9d-4bcc-badf-0ecddb8e238a",
   "version" : "1.0.0"
}
