{
   "classes" : [
      {
         "base_types" : [],
         "constants" : [],
         "functions" : [],
         "name" : "AdminBeforeEvents",
         "properties" : [
            {
               "get_privilege" : [
                  {
                     "name" : "read_only"
                  }
               ],
               "is_baked" : true,
               "is_read_only" : true,
               "name" : "asyncPlayerJoin",
               "type" : {
                  "is_bind_type" : true,
                  "is_errorable" : false,
                  "name" : "AsyncPlayerJoinBeforeEventSignal"
               }
            }
         ],
         "type" : {
            "is_bind_type" : true,
            "is_errorable" : false,
            "name" : "AdminBeforeEvents"
         }
      },
      {
         "base_types" : [],
         "constants" : [],
         "functions" : [
            {
               "arguments" : [
                  {
                     "details" : {
                        "default_value" : "null"
                     },
                     "name" : "reason",
                     "type" : {
                        "is_bind_type" : false,
                        "is_errorable" : false,
                        "name" : "optional",
                        "optional_type" : {
                           "is_bind_type" : false,
                           "is_errorable" : false,
                           "name" : "string"
                        }
                     }
                  }
               ],
               "call_privilege" : [
                  {
                     "name" : "read_only"
                  }
               ],
               "is_constructor" : false,
               "is_static" : false,
               "name" : "disconnect",
               "return_type" : {
                  "error_types" : [
                     {
                        "is_bind_type" : true,
                        "is_errorable" : false,
                        "name" : "DisconnectedError"
                     }
                  ],
                  "is_bind_type" : false,
                  "is_errorable" : true,
                  "name" : "undefined"
               }
            },
            {
               "arguments" : [],
               "call_privilege" : [
                  {
                     "name" : "read_only"
                  }
               ],
               "is_constructor" : false,
               "is_static" : false,
               "name" : "isValid",
               "return_type" : {
                  "is_bind_type" : false,
                  "is_errorable" : false,
                  "name" : "boolean"
               }
            }
         ],
         "name" : "AsyncPlayerJoinBeforeEvent",
         "properties" : [
            {
               "get_privilege" : [
                  {
                     "name" : "read_only"
                  }
               ],
               "is_baked" : true,
               "is_read_only" : true,
               "name" : "name",
               "type" : {
                  "is_bind_type" : false,
                  "is_errorable" : false,
                  "name" : "string"
               }
            },
            {
               "get_privilege" : [
                  {
                     "name" : "read_only"
                  }
               ],
               "is_baked" : true,
               "is_read_only" : true,
               "name" : "persistentId",
               "type" : {
                  "is_bind_type" : false,
                  "is_errorable" : false,
                  "name" : "string"
               }
            }
         ],
         "type" : {
            "is_bind_type" : true,
            "is_errorable" : false,
            "name" : "AsyncPlayerJoinBeforeEvent"
         }
      },
      {
         "base_types" : [],
         "constants" : [],
         "functions" : [
            {
               "arguments" : [
                  {
                     "details" : null,
                     "name" : "callback",
                     "type" : {
                        "closure_type" : {
                           "argument_types" : [
                              {
                                 "is_bind_type" : true,
                                 "is_errorable" : false,
                                 "name" : "AsyncPlayerJoinBeforeEvent"
                              }
                           ],
                           "return_type" : {
                              "is_bind_type" : false,
                              "is_errorable" : true,
                              "name" : "promise",
                              "promise_type" : {
                                 "is_bind_type" : false,
                                 "is_errorable" : false,
                                 "name" : "undefined"
                              }
                           }
                        },
                        "is_bind_type" : false,
                        "is_errorable" : false,
                        "name" : "closure"
                     }
                  }
               ],
               "call_privilege" : [
                  {
                     "name" : "read_only"
                  }
               ],
               "is_constructor" : false,
               "is_static" : false,
               "name" : "subscribe",
               "return_type" : {
                  "closure_type" : {
                     "argument_types" : [
                        {
                           "is_bind_type" : true,
                           "is_errorable" : false,
                           "name" : "AsyncPlayerJoinBeforeEvent"
                        }
                     ],
                     "return_type" : {
                        "is_bind_type" : false,
                        "is_errorable" : true,
                        "name" : "promise",
                        "promise_type" : {
                           "is_bind_type" : false,
                           "is_errorable" : false,
                           "name" : "undefined"
                        }
                     }
                  },
                  "is_bind_type" : false,
                  "is_errorable" : false,
                  "name" : "closure"
               }
            },
            {
               "arguments" : [
                  {
                     "details" : null,
                     "name" : "callback",
                     "type" : {
                        "closure_type" : {
                           "argument_types" : [
                              {
                                 "is_bind_type" : true,
                                 "is_errorable" : false,
                                 "name" : "AsyncPlayerJoinBeforeEvent"
                              }
                           ],
                           "return_type" : {
                              "is_bind_type" : false,
                              "is_errorable" : true,
                              "name" : "promise",
                              "promise_type" : {
                                 "is_bind_type" : false,
                                 "is_errorable" : false,
                                 "name" : "undefined"
                              }
                           }
                        },
                        "is_bind_type" : false,
                        "is_errorable" : false,
                        "name" : "closure"
                     }
                  }
               ],
               "call_privilege" : [
                  {
                     "name" : "read_only"
                  }
               ],
               "is_constructor" : false,
               "is_static" : false,
               "name" : "unsubscribe",
               "return_type" : {
                  "is_bind_type" : false,
                  "is_errorable" : false,
                  "name" : "boolean"
               }
            }
         ],
         "name" : "AsyncPlayerJoinBeforeEventSignal",
         "properties" : [],
         "type" : {
            "is_bind_type" : true,
            "is_errorable" : false,
            "name" : "AsyncPlayerJoinBeforeEventSignal"
         }
      },
      {
         "base_types" : [],
         "constants" : [],
         "functions" : [
            {
               "arguments" : [
                  {
                     "details" : null,
                     "name" : "value",
                     "type" : {
                        "is_bind_type" : false,
                        "is_errorable" : false,
                        "name" : "string"
                     }
                  }
               ],
               "call_privilege" : [
                  {
                     "name" : "read_only"
                  }
               ],
               "is_constructor" : true,
               "name" : "constructor",
               "return_type" : {
                  "is_bind_type" : true,
                  "is_errorable" : false,
                  "name" : "SecretString"
               }
            }
         ],
         "name" : "SecretString",
         "properties" : [],
         "type" : {
            "is_bind_type" : true,
            "is_errorable" : false,
            "name" : "SecretString"
         }
      },
      {
         "base_types" : [],
         "constants" : [],
         "functions" : [
            {
               "arguments" : [
                  {
                     "details" : null,
                     "name" : "name",
                     "type" : {
                        "is_bind_type" : false,
                        "is_errorable" : false,
                        "name" : "string"
                     }
                  }
               ],
               "call_privilege" : [
                  {
                     "name" : "early_execution"
                  }
               ],
               "is_constructor" : false,
               "is_static" : false,
               "name" : "get",
               "return_type" : {
                  "is_bind_type" : false,
                  "is_errorable" : false,
                  "name" : "optional",
                  "optional_type" : {
                     "is_bind_type" : true,
                     "is_errorable" : false,
                     "name" : "SecretString"
                  }
               }
            }
         ],
         "name" : "ServerSecrets",
         "properties" : [
            {
               "get_privilege" : [
                  {
                     "name" : "read_only"
                  }
               ],
               "is_baked" : false,
               "is_read_only" : true,
               "name" : "names",
               "type" : {
                  "element_type" : {
                     "is_bind_type" : false,
                     "is_errorable" : false,
                     "name" : "string"
                  },
                  "is_bind_type" : false,
                  "is_errorable" : false,
                  "name" : "array"
               }
            }
         ],
         "type" : {
            "is_bind_type" : true,
            "is_errorable" : false,
            "name" : "ServerSecrets"
         }
      },
      {
         "base_types" : [],
         "constants" : [],
         "functions" : [
            {
               "arguments" : [
                  {
                     "details" : null,
                     "name" : "name",
                     "type" : {
                        "is_bind_type" : false,
                        "is_errorable" : false,
                        "name" : "string"
                     }
                  }
               ],
               "call_privilege" : [
                  {
                     "name" : "early_execution"
                  }
               ],
               "is_constructor" : false,
               "is_static" : false,
               "name" : "get",
               "return_type" : {
                  "is_bind_type" : false,
                  "is_errorable" : false,
                  "name" : "optional",
                  "optional_type" : {
                     "is_bind_type" : false,
                     "is_errorable" : false,
                     "name" : "unknown"
                  }
               }
            }
         ],
         "name" : "ServerVariables",
         "properties" : [
            {
               "get_privilege" : [
                  {
                     "name" : "read_only"
                  }
               ],
               "is_baked" : false,
               "is_read_only" : true,
               "name" : "names",
               "type" : {
                  "element_type" : {
                     "is_bind_type" : false,
                     "is_errorable" : false,
                     "name" : "string"
                  },
                  "is_bind_type" : false,
                  "is_errorable" : false,
                  "name" : "array"
               }
            }
         ],
         "type" : {
            "is_bind_type" : true,
            "is_errorable" : false,
            "name" : "ServerVariables"
         }
      }
   ],
   "constants" : [],
   "dependencies" : [],
   "enums" : [],
   "errors" : [
      {
         "name" : "DisconnectedError",
         "properties" : [
            {
               "get_privilege" : [
                  {
                     "name" : "read_only"
                  },
                  {
                     "name" : "early_execution"
                  }
               ],
               "is_baked" : false,
               "is_read_only" : true,
               "name" : "id",
               "type" : {
                  "is_bind_type" : false,
                  "is_errorable" : false,
                  "name" : "string"
               }
            }
         ],
         "type" : {
            "is_bind_type" : true,
            "is_errorable" : false,
            "name" : "DisconnectedError"
         }
      }
   ],
   "functions" : [
      {
         "arguments" : [
            {
               "details" : null,
               "name" : "player",
               "type" : {
                  "from_module" : {
                     "name" : "@minecraft/server",
                     "uuid" : "b26a4d4c-afdf-4690-88f8-931846312678",
                     "version" : "2.0.0"
                  },
                  "is_bind_type" : true,
                  "is_errorable" : false,
                  "name" : "Player"
               }
            },
            {
               "details" : null,
               "name" : "options",
               "type" : {
                  "is_bind_type" : false,
                  "is_errorable" : false,
                  "name" : "variant",
                  "variant_types" : [
                     {
                        "is_bind_type" : true,
                        "is_errorable" : false,
                        "name" : "TransferPlayerIpPortOptions"
                     },
                     {
                        "is_bind_type" : true,
                        "is_errorable" : false,
                        "name" : "TransferPlayerNetherNetOptions"
                     }
                  ]
               }
            }
         ],
         "call_privilege" : [
            {
               "name" : "none"
            }
         ],
         "is_constructor" : false,
         "is_static" : true,
         "name" : "transferPlayer",
         "return_type" : {
            "is_bind_type" : false,
            "is_errorable" : true,
            "name" : "undefined"
         }
      }
   ],
   "interfaces" : [
      {
         "base_types" : [],
         "name" : "TransferPlayerIpPortOptions",
         "properties" : [
            {
               "is_baked" : false,
               "is_read_only" : false,
               "name" : "hostname",
               "type" : {
                  "is_bind_type" : false,
                  "is_errorable" : false,
                  "name" : "string"
               }
            },
            {
               "is_baked" : false,
               "is_read_only" : false,
               "name" : "port",
               "type" : {
                  "is_bind_type" : false,
                  "is_errorable" : false,
                  "name" : "uint16",
                  "valid_range" : {
                     "max" : 2147483647,
                     "min" : -2147483648
                  }
               }
            }
         ],
         "type" : {
            "is_bind_type" : true,
            "is_errorable" : false,
            "name" : "TransferPlayerIpPortOptions"
         }
      },
      {
         "base_types" : [],
         "name" : "TransferPlayerNetherNetOptions",
         "properties" : [
            {
               "is_baked" : false,
               "is_read_only" : false,
               "name" : "netherNetId",
               "type" : {
                  "is_bind_type" : false,
                  "is_errorable" : false,
                  "name" : "string"
               }
            }
         ],
         "type" : {
            "is_bind_type" : true,
            "is_errorable" : false,
            "name" : "TransferPlayerNetherNetOptions"
         }
      }
   ],
   "minecraft_version" : "1.21.110-beta.22",
   "module_type" : "script",
   "name" : "@minecraft/server-admin",
   "objects" : [
      {
         "is_read_only" : true,
         "is_static" : true,
         "name" : "beforeEvents",
         "type" : {
            "is_bind_type" : true,
            "is_errorable" : false,
            "name" : "AdminBeforeEvents"
         }
      },
      {
         "is_read_only" : true,
         "is_static" : true,
         "name" : "secrets",
         "type" : {
            "is_bind_type" : true,
            "is_errorable" : false,
            "name" : "ServerSecrets"
         }
      },
      {
         "is_read_only" : true,
         "is_static" : true,
         "name" : "variables",
         "type" : {
            "is_bind_type" : true,
            "is_errorable" : false,
            "name" : "ServerVariables"
         }
      }
   ],
   "peer_dependencies" : [
      {
         "name" : "@minecraft/common",
         "uuid" : "77ec12b4-1b2b-4c98-8d34-d1cd63f849d5",
         "versions" : [
            {
               "version" : "1.0.0"
            }
         ]
      },
      {
         "name" : "@minecraft/server",
         "uuid" : "b26a4d4c-afdf-4690-88f8-931846312678",
         "versions" : [
            {
               "version" : "1.17.0"
            },
            {
               "version" : "2.0.0"
            }
         ]
      }
   ],
   "type_aliases" : [],
   "uuid" : "53d7f2bf-bf9c-49c4-ad1f-7c803d947920",
   "version" : "1.0.0-beta"
}
