{
   "classes" : [],
   "constants" : [],
   "dependencies" : [
      {
         "name" : "@minecraft/server-editor-bindings",
         "uuid" : "8518d9c7-a1f5-4bf3-acc7-78e87df595fc",
         "versions" : [
            {
               "version" : "0.1.0-beta"
            }
         ]
      },
      {
         "name" : "@minecraft/server-editor-private-bindings",
         "uuid" : "01966f08-5f48-7146-a3e3-d820a53d30e9",
         "versions" : [
            {
               "version" : "0.1.0-internal"
            }
         ]
      }
   ],
   "enums" : [],
   "errors" : [],
   "functions" : [],
   "interfaces" : [],
   "minecraft_version" : "1.21.120-beta.21",
   "module_type" : "script",
   "name" : "@minecraft/server-editor",
   "objects" : [],
   "peer_dependencies" : [
      {
         "name" : "@minecraft/common",
         "uuid" : "77ec12b4-1b2b-4c98-8d34-d1cd63f849d5",
         "versions" : [
            {
               "version" : "1.0.0"
            }
         ]
      }
   ],
   "type_aliases" : [],
   "uuid" : "1d565354-296d-11ed-a261-0242ac120002",
   "version" : "0.1.0-beta"
}
