{
   "classes" : [
      {
         "base_types" : [
            {
               "from_module" : {
                  "name" : "mojang-minecraft",
                  "uuid" : "b26a4d4c-afdf-4690-88f8-931846312678",
                  "version" : "0.1.0"
               },
               "is_bind_type" : true,
               "is_errorable" : false,
               "name" : "Player"
            }
         ],
         "constants" : [],
         "functions" : [],
         "name" : "SimulatedPlayer",
         "properties" : [],
         "type" : {
            "is_bind_type" : true,
            "is_errorable" : false,
            "name" : "SimulatedPlayer"
         }
      }
   ],
   "constants" : [],
   "dependencies" : [],
   "enums" : [],
   "errors" : [],
   "functions" : [],
   "interfaces" : [],
   "minecraft_version" : "1.21.110-beta.22",
   "module_type" : "script",
   "name" : "@minecraft/server-gametest",
   "objects" : [],
   "peer_dependencies" : [
      {
         "name" : "@minecraft/common",
         "uuid" : "77ec12b4-1b2b-4c98-8d34-d1cd63f849d5",
         "versions" : [
            {
               "version" : "1.0.0"
            }
         ]
      },
      {
         "name" : "mojang-minecraft",
         "uuid" : "b26a4d4c-afdf-4690-88f8-931846312678",
         "versions" : [
            {
               "version" : "0.1.0"
            }
         ]
      }
   ],
   "type_aliases" : [],
   "uuid" : "6f4b6893-1bb6-42fd-b458-7fa3d0c89616",
   "version" : "0.1.0"
}
