{
    "$schema": "http://json-schema.org/draft-07/schema#",
    "$id": "1333709765",
    "x-format-version": "1.21.60",
    "x-minecraft-version": "1.21.120-beta.21",
    "definitions": {
        "3640473056": {
            "title": "Reference",
            "type": "string"
        },
        "3530470262": {
            "title": "CameraPresetAimAssistDefinition",
            "type": "object",
            "properties": {
                "angle": {
                    "$ref": "#/definitions/4021724221"
                },
                "distance": {
                    "type": "number"
                },
                "preset": {
                    "$ref": "#/definitions/1492643634"
                },
                "target_mode": {
                    "title": "Aim-Assist Target Mode",
                    "type": "string",
                    "enum": [
                        "angle",
                        "distance"
                    ]
                }
            }
        },
        "4021724221": {
            "title": "Vec2",
            "oneOf": [
                {
                    "type": "array",
                    "items": {
                        "type": "number"
                    },
                    "minItems": 2,
                    "maxItems": 2
                },
                {
                    "type": "object",
                    "properties": {
                        "x": {
                            "type": "number"
                        },
                        "y": {
                            "type": "number"
                        }
                    }
                }
            ]
        },
        "1492643634": {
            "title": "Reference",
            "type": "string"
        },
        "3573822430": {
            "title": "Identifier",
            "type": "string"
        }
    },
    "title": "Camera Preset",
    "type": "object",
    "properties": {
        "aim_assist": {
            "$ref": "#/definitions/3530470262"
        },
        "align_target_and_camera_forward": {
            "type": "boolean"
        },
        "continue_targeting": {
            "type": "boolean"
        },
        "entity_offset": {
            "type": "array",
            "items": {
                "type": "number",
                "minimum": -64.0,
                "maximum": 64.0
            },
            "minItems": 3,
            "maxItems": 3
        },
        "horizontal_rotation_limit": {
            "type": "array",
            "items": {
                "type": "number",
                "minimum": 0.0,
                "maximum": 360.0
            },
            "minItems": 2,
            "maxItems": 2
        },
        "identifier": {
            "$ref": "#/definitions/3573822430",
            "pattern": "^(\\w+:\\w+)?$"
        },
        "inherit_from": {
            "$ref": "#/definitions/3640473056",
            "pattern": "^(\\w+:\\w+)?$"
        },
        "listener": {
            "title": "AudioListener",
            "type": "string",
            "enum": [
                "camera",
                "player"
            ]
        },
        "player_effects": {
            "type": "boolean"
        },
        "pos_x": {
            "type": "number"
        },
        "pos_y": {
            "type": "number"
        },
        "pos_z": {
            "type": "number"
        },
        "radius": {
            "type": "number",
            "minimum": 0.10000000149011612,
            "maximum": 64.0
        },
        "rot_x": {
            "type": "number",
            "minimum": -90.0,
            "maximum": 90.0
        },
        "rot_y": {
            "type": "number"
        },
        "rotation_speed": {
            "type": "number",
            "minimum": 0.0,
            "maximum": 360.0
        },
        "snap_to_target": {
            "type": "boolean"
        },
        "tracking_radius": {
            "type": "number"
        },
        "vertical_rotation_limit": {
            "type": "array",
            "items": {
                "type": "number",
                "minimum": 0.0,
                "maximum": 180.0
            },
            "minItems": 2,
            "maxItems": 2
        },
        "view_offset": {
            "type": "array",
            "items": {
                "type": "number",
                "minimum": -64.0,
                "maximum": 64.0
            },
            "minItems": 2,
            "maxItems": 2
        },
        "yaw_limits_max": {
            "type": "number",
            "minimum": -179.89999389648438,
            "maximum": 180.0
        },
        "yaw_limits_min": {
            "type": "number",
            "minimum": -180.0,
            "maximum": 179.89999389648438
        }
    },
    "required": [
        "identifier"
    ]
}