{
    "$schema": "http://json-schema.org/draft-07/schema#",
    "$id": "1613409896",
    "x-format-version": "1.21.20",
    "x-minecraft-version": "1.21.120-beta.21",
    "definitions": {
        "781829906": {
            "title": "DimensionPaddingRange",
            "type": "object",
            "properties": {
                "bottom": {
                    "type": "integer"
                },
                "top": {
                    "type": "integer"
                }
            }
        }
    },
    "title": "DimensionPadding",
    "oneOf": [
        {
            "type": "integer"
        },
        {
            "$ref": "#/definitions/781829906"
        }
    ]
}