{
    "$schema": "http://json-schema.org/draft-07/schema#",
    "$id": "3138104923",
    "x-format-version": "1.21.20",
    "x-minecraft-version": "1.21.110-beta.25",
    "definitions": {
        "1356053607": {
            "title": "Reference",
            "type": "string"
        }
    },
    "title": "DirectPoolAlias",
    "type": "object",
    "properties": {
        "alias": {
            "type": "string"
        },
        "target": {
            "$ref": "#/definitions/1356053607"
        }
    },
    "required": [
        "alias",
        "target"
    ]
}