{
    "$schema": "http://json-schema.org/draft-07/schema#",
    "$id": "1292959213",
    "x-format-version": "1.21.20",
    "x-minecraft-version": "1.21.110-beta.25",
    "definitions": {
        "3715072987": {
            "title": "Identifier",
            "type": "string"
        }
    },
    "title": "JigsawDescriptionIdentifier",
    "type": "object",
    "properties": {
        "identifier": {
            "$ref": "#/definitions/3715072987"
        }
    },
    "required": [
        "identifier"
    ]
}