{
    "$schema": "http://json-schema.org/draft-07/schema#",
    "$id": "3273917994",
    "x-format-version": "1.21.110",
    "x-minecraft-version": "1.21.120-beta.22",
    "title": "minecraft:behavior.slime_random_direction",
    "type": "object",
    "properties": {
        "add_random_time_range": {
            "type": "integer"
        },
        "control_flags": {
            "type": "array",
            "items": {
                "title": "Goal's control flags",
                "type": "string",
                "enum": [
                    "move",
                    "look",
                    "jump"
                ]
            }
        },
        "min_change_direction_time": {
            "type": "number"
        },
        "priority": {
            "type": "integer",
            "minimum": 0.0
        },
        "turn_range": {
            "type": "integer"
        }
    }
}