{
    "$schema": "http://json-schema.org/draft-07/schema#",
    "$id": "2309924397",
    "x-format-version": "1.21.110",
    "x-minecraft-version": "1.21.120-beta.22",
    "title": "minecraft:behavior.sonic_boom",
    "type": "object",
    "properties": {
        "attack_cooldown": {
            "type": "number"
        },
        "attack_damage": {
            "type": "number"
        },
        "attack_range_horizontal": {
            "type": "number"
        },
        "attack_range_vertical": {
            "type": "number"
        },
        "attack_sound": {
            "type": "string"
        },
        "charge_sound": {
            "type": "string"
        },
        "control_flags": {
            "type": "array",
            "items": {
                "title": "Goal's control flags",
                "type": "string",
                "enum": [
                    "move",
                    "look",
                    "jump"
                ]
            }
        },
        "duration": {
            "type": "number",
            "minimum": 0.0
        },
        "duration_until_attack_sound": {
            "type": "number"
        },
        "knockback_height_cap": {
            "type": "number"
        },
        "knockback_horizontal_strength": {
            "type": "number"
        },
        "knockback_vertical_strength": {
            "type": "number"
        },
        "priority": {
            "type": "integer",
            "minimum": 0.0
        },
        "speed_multiplier": {
            "type": "number"
        }
    }
}