{
    "$schema": "http://json-schema.org/draft-07/schema#",
    "$id": "1979855054",
    "x-format-version": "1.21.110",
    "x-minecraft-version": "1.21.120-beta.22",
    "definitions": {
        "1057349585": {
            "title": "FloatRange",
            "type": "object",
            "properties": {
                "max": {
                    "type": "number"
                },
                "min": {
                    "type": "number"
                }
            }
        }
    },
    "title": "minecraft:behavior.swoop_attack",
    "type": "object",
    "properties": {
        "control_flags": {
            "type": "array",
            "items": {
                "title": "Goal's control flags",
                "type": "string",
                "enum": [
                    "move",
                    "look",
                    "jump"
                ]
            }
        },
        "damage_reach": {
            "type": "number"
        },
        "delay_range": {
            "$ref": "#/definitions/1057349585"
        },
        "priority": {
            "type": "integer",
            "minimum": 0.0
        },
        "speed_multiplier": {
            "type": "number"
        }
    }
}