{
    "$schema": "http://json-schema.org/draft-07/schema#",
    "$id": "3622621419",
    "x-format-version": "1.21.100",
    "x-minecraft-version": "1.21.110-beta.25",
    "title": "minecraft:camera",
    "type": "object",
    "properties": {
        "far_clipping_plane": {
            "type": "number"
        },
        "field_of_view": {
            "type": "number"
        },
        "near_clipping_plane": {
            "type": "number"
        }
    },
    "required": [
        "field_of_view"
    ]
}