{
    "$schema": "http://json-schema.org/draft-07/schema#",
    "$id": "458645028",
    "x-format-version": "1.20.60",
    "x-minecraft-version": "1.21.120-beta.22",
    "title": "minecraft:multinoise_generation_rules",
    "type": "object",
    "properties": {
        "target_altitude": {
            "type": "number"
        },
        "target_humidity": {
            "type": "number"
        },
        "target_temperature": {
            "type": "number"
        },
        "target_weirdness": {
            "type": "number"
        },
        "weight": {
            "type": "number"
        }
    }
}