{
    "$schema": "http://json-schema.org/draft-07/schema#",
    "$id": "2794205495",
    "x-format-version": "1.20.50",
    "x-minecraft-version": "1.21.120-beta.22",
    "definitions": {
        "2770948419": {
            "title": "BlockDescriptorProxy",
            "type": "object",
            "properties": {
                "name": {
                    "type": "string"
                },
                "states": {
                    "type": "object",
                    "additionalProperties": {
                        "$ref": "#/definitions/517105782"
                    }
                },
                "tags": {
                    "type": "string"
                }
            }
        },
        "517105782": {
            "title": "compound_proxy",
            "oneOf": [
                {
                    "type": "integer"
                },
                {
                    "type": "string"
                },
                {
                    "type": "boolean"
                }
            ]
        }
    },
    "title": "Block Descriptor",
    "oneOf": [
        {
            "$ref": "#/definitions/2770948419"
        },
        {
            "type": "string",
            "minLength": 1
        },
        {
            "$ref": "#/definitions/2770948419"
        }
    ]
}