{
    "$schema": "http://json-schema.org/draft-07/schema#",
    "$id": "333666056",
    "x-format-version": "1.21.100",
    "x-minecraft-version": "1.21.120-beta.22",
    "definitions": {
        "3915697282": {
            "title": "Color255RGB",
            "oneOf": [
                {
                    "type": "string",
                    "pattern": "^#[a-fA-F0-9]{6}$"
                },
                {
                    "type": "array",
                    "items": {
                        "type": "integer"
                    },
                    "minItems": 3,
                    "maxItems": 3
                }
            ],
            "$metaProperties": {
                "CEREAL_EDITOR_SCHEMA_TAG": "type:color"
            }
        },
        "3937875407": {
            "title": "custom_map_tint_grass_tint",
            "type": "object",
            "properties": {
                "tint": {
                    "$ref": "#/definitions/3915697282"
                },
                "type": {
                    "title": "GrassType",
                    "type": "string",
                    "const": "tint",
                    "enum": [
                        "tint",
                        "noise"
                    ]
                }
            },
            "required": [
                "tint",
                "type"
            ]
        },
        "1703738264": {
            "title": "custom_map_tint_grass_noise",
            "type": "object",
            "properties": {
                "type": {
                    "title": "GrassType",
                    "type": "string",
                    "const": "noise",
                    "enum": [
                        "tint",
                        "noise"
                    ]
                }
            },
            "required": [
                "type"
            ]
        }
    },
    "title": "minecraft:map_tints",
    "type": "object",
    "properties": {
        "foliage": {
            "$ref": "#/definitions/3915697282"
        },
        "grass": {
            "oneOf": [
                {
                    "$ref": "#/definitions/3937875407"
                },
                {
                    "$ref": "#/definitions/1703738264"
                }
            ]
        }
    },
    "required": [
        "grass"
    ]
}