{
    "$schema": "http://json-schema.org/draft-07/schema#",
    "$id": "3626244290",
    "x-format-version": "1.21.100",
    "x-minecraft-version": "1.21.120-beta.22",
    "definitions": {
        "2608925209": {
            "title": "minecraft:frozen_ocean",
            "type": "object",
            "properties": {
                "foundation_material": {
                    "$ref": "#/definitions/3076687790"
                },
                "mid_material": {
                    "$ref": "#/definitions/3076687790"
                },
                "sea_floor_depth": {
                    "type": "integer",
                    "minimum": 0.0,
                    "maximum": 127.0
                },
                "sea_floor_material": {
                    "$ref": "#/definitions/3076687790"
                },
                "sea_material": {
                    "$ref": "#/definitions/3076687790"
                },
                "top_material": {
                    "$ref": "#/definitions/3076687790"
                },
                "type": {
                    "title": "SurfaceBuilderType",
                    "type": "string",
                    "const": "minecraft:frozen_ocean",
                    "enum": [
                        "minecraft:overworld",
                        "minecraft:frozen_ocean",
                        "minecraft:mesa",
                        "minecraft:swamp",
                        "minecraft:capped",
                        "minecraft:the_end"
                    ]
                }
            },
            "required": [
                "foundation_material",
                "mid_material",
                "sea_floor_depth",
                "sea_floor_material",
                "sea_material",
                "top_material",
                "type"
            ]
        },
        "3076687790": {
            "title": "Block Specifier",
            "oneOf": [
                {
                    "$ref": "#/definitions/1527037515"
                },
                {
                    "type": "object",
                    "properties": {
                        "name": {
                            "$ref": "#/definitions/1527037515"
                        },
                        "states": {
                            "type": "object",
                            "additionalProperties": {
                                "oneOf": [
                                    {
                                        "type": "integer"
                                    },
                                    {
                                        "type": "boolean"
                                    },
                                    {
                                        "type": "string"
                                    }
                                ]
                            }
                        }
                    },
                    "required": [
                        "name"
                    ]
                }
            ]
        },
        "72946555": {
            "title": "minecraft:overworld",
            "type": "object",
            "properties": {
                "foundation_material": {
                    "$ref": "#/definitions/3076687790"
                },
                "mid_material": {
                    "$ref": "#/definitions/3076687790"
                },
                "sea_floor_depth": {
                    "type": "integer",
                    "minimum": 0.0,
                    "maximum": 127.0
                },
                "sea_floor_material": {
                    "$ref": "#/definitions/3076687790"
                },
                "sea_material": {
                    "$ref": "#/definitions/3076687790"
                },
                "top_material": {
                    "$ref": "#/definitions/3076687790"
                },
                "type": {
                    "title": "SurfaceBuilderType",
                    "type": "string",
                    "const": "minecraft:overworld",
                    "enum": [
                        "minecraft:overworld",
                        "minecraft:frozen_ocean",
                        "minecraft:mesa",
                        "minecraft:swamp",
                        "minecraft:capped",
                        "minecraft:the_end"
                    ]
                }
            },
            "required": [
                "foundation_material",
                "mid_material",
                "sea_floor_depth",
                "sea_floor_material",
                "sea_material",
                "top_material",
                "type"
            ]
        },
        "424552073": {
            "title": "minecraft:swamp",
            "type": "object",
            "properties": {
                "foundation_material": {
                    "$ref": "#/definitions/3076687790"
                },
                "max_puddle_depth_below_sea_level": {
                    "type": "integer",
                    "minimum": 0.0,
                    "maximum": 127.0
                },
                "mid_material": {
                    "$ref": "#/definitions/3076687790"
                },
                "sea_floor_depth": {
                    "type": "integer",
                    "minimum": 0.0,
                    "maximum": 127.0
                },
                "sea_floor_material": {
                    "$ref": "#/definitions/3076687790"
                },
                "sea_material": {
                    "$ref": "#/definitions/3076687790"
                },
                "top_material": {
                    "$ref": "#/definitions/3076687790"
                },
                "type": {
                    "title": "SurfaceBuilderType",
                    "type": "string",
                    "const": "minecraft:swamp",
                    "enum": [
                        "minecraft:overworld",
                        "minecraft:frozen_ocean",
                        "minecraft:mesa",
                        "minecraft:swamp",
                        "minecraft:capped",
                        "minecraft:the_end"
                    ]
                }
            },
            "required": [
                "foundation_material",
                "max_puddle_depth_below_sea_level",
                "mid_material",
                "sea_floor_depth",
                "sea_floor_material",
                "sea_material",
                "top_material",
                "type"
            ]
        },
        "1527037515": {
            "title": "Reference",
            "type": "string"
        },
        "415084889": {
            "title": "minecraft:mesa",
            "type": "object",
            "properties": {
                "bryce_pillars": {
                    "type": "boolean"
                },
                "clay_material": {
                    "$ref": "#/definitions/3076687790"
                },
                "foundation_material": {
                    "$ref": "#/definitions/3076687790"
                },
                "hard_clay_material": {
                    "$ref": "#/definitions/3076687790"
                },
                "has_forest": {
                    "type": "boolean"
                },
                "mid_material": {
                    "$ref": "#/definitions/3076687790"
                },
                "sea_floor_depth": {
                    "type": "integer",
                    "minimum": 0.0,
                    "maximum": 127.0
                },
                "sea_floor_material": {
                    "$ref": "#/definitions/3076687790"
                },
                "sea_material": {
                    "$ref": "#/definitions/3076687790"
                },
                "top_material": {
                    "$ref": "#/definitions/3076687790"
                },
                "type": {
                    "title": "SurfaceBuilderType",
                    "type": "string",
                    "const": "minecraft:mesa",
                    "enum": [
                        "minecraft:overworld",
                        "minecraft:frozen_ocean",
                        "minecraft:mesa",
                        "minecraft:swamp",
                        "minecraft:capped",
                        "minecraft:the_end"
                    ]
                }
            },
            "required": [
                "bryce_pillars",
                "clay_material",
                "foundation_material",
                "hard_clay_material",
                "has_forest",
                "mid_material",
                "sea_floor_depth",
                "sea_floor_material",
                "sea_material",
                "top_material",
                "type"
            ]
        },
        "2298712664": {
            "title": "minecraft:capped",
            "type": "object",
            "properties": {
                "beach_material": {
                    "$ref": "#/definitions/3076687790"
                },
                "ceiling_materials": {
                    "type": "array",
                    "items": {
                        "$ref": "#/definitions/3076687790"
                    },
                    "minItems": 1
                },
                "floor_materials": {
                    "type": "array",
                    "items": {
                        "$ref": "#/definitions/3076687790"
                    },
                    "minItems": 1
                },
                "foundation_material": {
                    "$ref": "#/definitions/3076687790"
                },
                "sea_material": {
                    "$ref": "#/definitions/3076687790"
                },
                "type": {
                    "title": "SurfaceBuilderType",
                    "type": "string",
                    "const": "minecraft:capped",
                    "enum": [
                        "minecraft:overworld",
                        "minecraft:frozen_ocean",
                        "minecraft:mesa",
                        "minecraft:swamp",
                        "minecraft:capped",
                        "minecraft:the_end"
                    ]
                }
            },
            "required": [
                "ceiling_materials",
                "floor_materials",
                "foundation_material",
                "sea_material",
                "type"
            ]
        },
        "3978796423": {
            "title": "minecraft:the_end",
            "type": "object",
            "properties": {
                "type": {
                    "title": "SurfaceBuilderType",
                    "type": "string",
                    "const": "minecraft:the_end",
                    "enum": [
                        "minecraft:overworld",
                        "minecraft:frozen_ocean",
                        "minecraft:mesa",
                        "minecraft:swamp",
                        "minecraft:capped",
                        "minecraft:the_end"
                    ]
                }
            },
            "required": [
                "type"
            ]
        }
    },
    "title": "minecraft:surface_builder",
    "type": "object",
    "properties": {
        "builder": {
            "oneOf": [
                {
                    "$ref": "#/definitions/72946555"
                },
                {
                    "$ref": "#/definitions/2608925209"
                },
                {
                    "$ref": "#/definitions/415084889"
                },
                {
                    "$ref": "#/definitions/424552073"
                },
                {
                    "$ref": "#/definitions/2298712664"
                },
                {
                    "$ref": "#/definitions/3978796423"
                }
            ]
        }
    },
    "required": [
        "builder"
    ]
}