{
    "$schema": "http://json-schema.org/draft-07/schema#",
    "$id": "424552073",
    "x-format-version": "1.21.100",
    "x-minecraft-version": "1.21.120-beta.22",
    "definitions": {
        "3076687790": {
            "title": "Block Specifier",
            "oneOf": [
                {
                    "$ref": "#/definitions/1527037515"
                },
                {
                    "type": "object",
                    "properties": {
                        "name": {
                            "$ref": "#/definitions/1527037515"
                        },
                        "states": {
                            "type": "object",
                            "additionalProperties": {
                                "oneOf": [
                                    {
                                        "type": "integer"
                                    },
                                    {
                                        "type": "boolean"
                                    },
                                    {
                                        "type": "string"
                                    }
                                ]
                            }
                        }
                    },
                    "required": [
                        "name"
                    ]
                }
            ]
        },
        "1527037515": {
            "title": "Reference",
            "type": "string"
        }
    },
    "title": "minecraft:swamp",
    "type": "object",
    "properties": {
        "foundation_material": {
            "$ref": "#/definitions/3076687790"
        },
        "max_puddle_depth_below_sea_level": {
            "type": "integer",
            "minimum": 0.0,
            "maximum": 127.0
        },
        "mid_material": {
            "$ref": "#/definitions/3076687790"
        },
        "sea_floor_depth": {
            "type": "integer",
            "minimum": 0.0,
            "maximum": 127.0
        },
        "sea_floor_material": {
            "$ref": "#/definitions/3076687790"
        },
        "sea_material": {
            "$ref": "#/definitions/3076687790"
        },
        "top_material": {
            "$ref": "#/definitions/3076687790"
        },
        "type": {
            "title": "SurfaceBuilderType",
            "type": "string",
            "const": "minecraft:swamp",
            "enum": [
                "minecraft:overworld",
                "minecraft:frozen_ocean",
                "minecraft:mesa",
                "minecraft:swamp",
                "minecraft:capped",
                "minecraft:the_end"
            ]
        }
    },
    "required": [
        "foundation_material",
        "max_puddle_depth_below_sea_level",
        "mid_material",
        "sea_floor_depth",
        "sea_floor_material",
        "sea_material",
        "top_material",
        "type"
    ]
}