{
    "$schema": "http://json-schema.org/draft-07/schema#",
    "$id": "3978796423",
    "x-format-version": "1.21.100",
    "x-minecraft-version": "1.21.120-beta.22",
    "title": "minecraft:the_end",
    "type": "object",
    "properties": {
        "type": {
            "title": "SurfaceBuilderType",
            "type": "string",
            "const": "minecraft:the_end",
            "enum": [
                "minecraft:overworld",
                "minecraft:frozen_ocean",
                "minecraft:mesa",
                "minecraft:swamp",
                "minecraft:capped",
                "minecraft:the_end"
            ]
        }
    },
    "required": [
        "type"
    ]
}