{
    "$schema": "http://json-schema.org/draft-07/schema#",
    "$id": "3836051660",
    "x-format-version": "1.21.100",
    "x-minecraft-version": "1.21.120-beta.21",
    "definitions": {
        "3731384245": {
            "title": "minecraft:behavior.breed",
            "type": "object",
            "properties": {
                "control_flags": {
                    "type": "array",
                    "items": {
                        "title": "Goal's control flags",
                        "type": "string",
                        "enum": [
                            "move",
                            "look",
                            "jump"
                        ]
                    }
                },
                "priority": {
                    "type": "integer",
                    "minimum": 0.0
                },
                "speed_multiplier": {
                    "type": "number"
                }
            }
        },
        "1057040869": {
            "title": "minecraft:tick_world",
            "type": "object",
            "properties": {
                "distance_to_players": {
                    "type": "number",
                    "minimum": 128.0
                },
                "never_despawn": {
                    "type": "boolean"
                },
                "radius": {
                    "type": "integer",
                    "minimum": 2.0,
                    "maximum": 6.0
                }
            }
        },
        "1926664697": {
            "title": "minecraft:behavior.controlled_by_player",
            "type": "object",
            "properties": {
                "control_flags": {
                    "type": "array",
                    "items": {
                        "title": "Goal's control flags",
                        "type": "string",
                        "enum": [
                            "move",
                            "look",
                            "jump"
                        ]
                    }
                },
                "fractional_rotation": {
                    "type": "number",
                    "minimum": 0.5,
                    "maximum": 1.0
                },
                "fractional_rotation_limit": {
                    "type": "number"
                },
                "mount_speed_multiplier": {
                    "type": "number"
                },
                "priority": {
                    "type": "integer",
                    "minimum": 0.0
                }
            }
        },
        "1143284943": {
            "title": "minecraft:behavior.charge_attack",
            "type": "object",
            "properties": {
                "control_flags": {
                    "type": "array",
                    "items": {
                        "title": "Goal's control flags",
                        "type": "string",
                        "enum": [
                            "move",
                            "look",
                            "jump"
                        ]
                    }
                },
                "max_distance": {
                    "type": "number"
                },
                "min_distance": {
                    "type": "number"
                },
                "priority": {
                    "type": "integer",
                    "minimum": 0.0
                },
                "sound_event": {
                    "title": "LevelSoundEvent",
                    "type": "string",
                    "enum": [
                        "item.use.on",
                        "hit",
                        "step",
                        "step.baby",
                        "fly",
                        "jump",
                        "jump.prevent",
                        "break",
                        "place",
                        "heavy.step",
                        "gallop",
                        "fall",
                        "hurt",
                        "hurt.baby",
                        "hurt.in.water",
                        "death",
                        "death.baby",
                        "death.in.water",
                        "death.to.zombie",
                        "ambient",
                        "ambient.baby",
                        "ambient.in.water",
                        "ambient.in.air",
                        "ambient.tame",
                        "ambient.pollinate",
                        "breathe",
                        "mad",
                        "boost",
                        "bow",
                        "squish.big",
                        "squish.small",
                        "fall.big",
                        "fall.small",
                        "splash",
                        "fizz",
                        "flap",
                        "swim",
                        "drink",
                        "drink.honey",
                        "drink.milk",
                        "eat",
                        "takeoff",
                        "shake",
                        "plop",
                        "land",
                        "saddle",
                        "armor",
                        "mob.armor_stand.place",
                        "add.chest",
                        "throw",
                        "attack",
                        "attack.nodamage",
                        "attack.strong",
                        "warn",
                        "shear",
                        "milk",
                        "thunder",
                        "explode",
                        "fire",
                        "ignite",
                        "fuse",
                        "stare",
                        "spawn",
                        "born",
                        "shoot",
                        "break.block",
                        "launch",
                        "blast",
                        "large.blast",
                        "twinkle",
                        "remedy",
                        "unfect",
                        "convert_to_drowned",
                        "levelup",
                        "bow.hit",
                        "bullet.hit",
                        "extinguish.fire",
                        "item.fizz",
                        "chest.open",
                        "chest.closed",
                        "shulkerbox.open",
                        "shulkerbox.closed",
                        "enderchest.open",
                        "enderchest.closed",
                        "power.on",
                        "power.off",
                        "attach",
                        "detach",
                        "deny",
                        "tripod",
                        "pop",
                        "drop.slot",
                        "note",
                        "thorns",
                        "piston.in",
                        "piston.out",
                        "portal",
                        "water",
                        "lava.pop",
                        "lava",
                        "beacon.activate",
                        "beacon.ambient",
                        "beacon.deactivate",
                        "beacon.power",
                        "conduit.activate",
                        "conduit.ambient",
                        "conduit.attack",
                        "conduit.deactivate",
                        "conduit.short",
                        "bubble.pop",
                        "bubble.up",
                        "bubble.upinside",
                        "bubble.down",
                        "bubble.downinside",
                        "burp",
                        "bucket.fill.water",
                        "bucket.empty.water",
                        "bucket.fill.lava",
                        "bucket.empty.lava",
                        "bucket.fill.fish",
                        "bucket.empty.fish",
                        "armor.equip_chain",
                        "armor.equip_diamond",
                        "armor.equip_elytra",
                        "armor.equip_generic",
                        "armor.equip_gold",
                        "armor.equip_iron",
                        "armor.equip_leather",
                        "armor.equip_netherite",
                        "record.13",
                        "record.cat",
                        "record.blocks",
                        "record.chirp",
                        "record.creator",
                        "record.creator_music_box",
                        "record.far",
                        "record.mall",
                        "record.mellohi",
                        "record.stal",
                        "record.strad",
                        "record.ward",
                        "record.11",
                        "record.wait",
                        "record.pigstep",
                        "record.precipice",
                        "record.relic",
                        "record.otherside",
                        "record.5",
                        "record.tears",
                        "record.lava_chicken",
                        "flop",
                        "elderguardian.curse",
                        "teleport",
                        "shulker.open",
                        "shulker.close",
                        "mob.warning",
                        "mob.warning.baby",
                        "haggle",
                        "haggle.yes",
                        "haggle.no",
                        "haggle.idle",
                        "disappeared",
                        "reappeared",
                        "chorusgrow",
                        "chorusdeath",
                        "glass",
                        "potion.brewed",
                        "cast.spell",
                        "prepare.attack",
                        "prepare.summon",
                        "prepare.wololo",
                        "fang",
                        "charge",
                        "camera.take_picture",
                        "leashknot.break",
                        "leashknot.place",
                        "growl",
                        "whine",
                        "pant",
                        "purr",
                        "purreow",
                        "death.min.volume",
                        "death.mid.volume",
                        "imitate.blaze",
                        "imitate.cave_spider",
                        "imitate.creeper",
                        "imitate.elder_guardian",
                        "imitate.ender_dragon",
                        "imitate.enderman",
                        "imitate.endermite",
                        "imitate.evocation_illager",
                        "imitate.ghast",
                        "imitate.husk",
                        "imitate.magma_cube",
                        "imitate.polar_bear",
                        "imitate.shulker",
                        "imitate.silverfish",
                        "imitate.skeleton",
                        "imitate.slime",
                        "imitate.spider",
                        "imitate.stray",
                        "imitate.vex",
                        "imitate.vindication_illager",
                        "imitate.witch",
                        "imitate.wither",
                        "imitate.wither_skeleton",
                        "imitate.wolf",
                        "imitate.zombie",
                        "imitate.zombie_pigman",
                        "imitate.zombie_villager",
                        "block.end_portal_frame.fill",
                        "block.end_portal.spawn",
                        "random.anvil_use",
                        "bottle.dragonbreath",
                        "balloonpop",
                        "sparkler.active",
                        "item.trident.hit",
                        "item.trident.hit_ground",
                        "item.trident.return",
                        "item.trident.riptide_1",
                        "item.trident.riptide_2",
                        "item.trident.riptide_3",
                        "item.trident.throw",
                        "item.trident.thunder",
                        "block.fletching_table.use",
                        "elemconstruct.open",
                        "icebomb.hit",
                        "lt.reaction.icebomb",
                        "lt.reaction.bleach",
                        "lt.reaction.epaste",
                        "lt.reaction.epaste2",
                        "lt.reaction.fertilizer",
                        "lt.reaction.fireball",
                        "lt.reaction.mgsalt",
                        "lt.reaction.miscfire",
                        "lt.reaction.fire",
                        "lt.reaction.miscexplosion",
                        "lt.reaction.miscmystical",
                        "lt.reaction.miscmystical2",
                        "lt.reaction.product",
                        "sparkler.use",
                        "glowstick.use",
                        "block.turtle_egg.break",
                        "block.turtle_egg.crack",
                        "block.turtle_egg.hatch",
                        "block.turtle_egg.attack",
                        "block.sniffer_egg.crack",
                        "block.sniffer_egg.hatch",
                        "block.frog_spawn.hatch",
                        "block.frog_spawn.break",
                        "swoop",
                        "presneeze",
                        "sneeze",
                        "scared",
                        "ambient.aggressive",
                        "ambient.worried",
                        "cant_breed",
                        "block.scaffolding.climb",
                        "block.bamboo_sapling.place",
                        "crossbow.loading.start",
                        "crossbow.loading.middle",
                        "crossbow.loading.end",
                        "crossbow.shoot",
                        "crossbow.quick_charge.start",
                        "crossbow.quick_charge.middle",
                        "crossbow.quick_charge.end",
                        "item.shield.block",
                        "portal.travel",
                        "item.book.put",
                        "block.grindstone.use",
                        "block.bell.hit",
                        "block.campfire.crackle",
                        "block.sweet_berry_bush.hurt",
                        "block.sweet_berry_bush.pick",
                        "block.stonecutter.use",
                        "block.cartography_table.use",
                        "block.composter.empty",
                        "block.composter.fill",
                        "block.composter.fill_success",
                        "block.composter.ready",
                        "roar",
                        "stun",
                        "block.barrel.open",
                        "block.barrel.close",
                        "raid.horn",
                        "ui.stonecutter.take_result",
                        "ui.cartography_table.take_result",
                        "ui.loom.take_result",
                        "block.smoker.smoke",
                        "block.blastfurnace.fire_crackle",
                        "block.smithing_table.use",
                        "block.loom.use",
                        "ambient.in.raid",
                        "screech",
                        "sleep",
                        "block.furnace.lit",
                        "convert_mooshroom",
                        "milk_suspiciously",
                        "celebrate",
                        "block.beehive.enter",
                        "block.beehive.exit",
                        "block.beehive.shear",
                        "block.beehive.work",
                        "block.beehive.drip",
                        "ambient.cave",
                        "angry",
                        "retreat",
                        "converted_to_zombified",
                        "step_lava",
                        "tempt",
                        "panic",
                        "admire",
                        "particle.soul_escape.quiet",
                        "particle.soul_escape.loud",
                        "respawn_anchor.charge",
                        "respawn_anchor.deplete",
                        "respawn_anchor.set_spawn",
                        "respawn_anchor.ambient",
                        "ambient.crimson_forest.mood",
                        "ambient.warped_forest.mood",
                        "ambient.soulsand_valley.mood",
                        "ambient.nether_wastes.mood",
                        "ambient.crimson_forest.additions",
                        "ambient.warped_forest.additions",
                        "ambient.soulsand_valley.additions",
                        "ambient.nether_wastes.additions",
                        "ambient.basalt_deltas.additions",
                        "ambient.crimson_forest.loop",
                        "ambient.warped_forest.loop",
                        "ambient.soulsand_valley.loop",
                        "ambient.nether_wastes.loop",
                        "ambient.basalt_deltas.loop",
                        "lodestone_compass.link_compass_to_lodestone",
                        "ambient.basalt_deltas.mood",
                        "power.on.sculk_sensor",
                        "power.off.sculk_sensor",
                        "smithing_table.use",
                        "default",
                        "lay_egg",
                        "lay_spawn",
                        "bucket.fill.powder_snow",
                        "bucket.empty.powder_snow",
                        "cauldron_drip.water.pointed_dripstone",
                        "cauldron_drip.lava.pointed_dripstone",
                        "tilt_down.big_dripleaf",
                        "tilt_up.big_dripleaf",
                        "drip.water.pointed_dripstone",
                        "pick_berries.cave_vines",
                        "drip.lava.pointed_dripstone",
                        "copper.wax.on",
                        "copper.wax.off",
                        "scrape",
                        "item.spyglass.use",
                        "item.spyglass.stop_using",
                        "chime.amethyst_block",
                        "mob.player.hurt_drown",
                        "mob.player.hurt_on_fire",
                        "mob.player.hurt_freeze",
                        "ambient.screamer",
                        "hurt.screamer",
                        "death.screamer",
                        "milk.screamer",
                        "jump_to_block",
                        "pre_ram",
                        "pre_ram.screamer",
                        "ram_impact",
                        "ram_impact.screamer",
                        "squid.ink_squirt",
                        "glow_squid.ink_squirt",
                        "convert_to_stray",
                        "cake.add_candle",
                        "extinguish.candle",
                        "ambient.candle",
                        "block.click",
                        "block.click.fail",
                        "block.sculk_catalyst.bloom",
                        "block.sculk_shrieker.shriek",
                        "nearby_close",
                        "nearby_closer",
                        "nearby_closest",
                        "agitated",
                        "listening",
                        "heartbeat",
                        "tongue",
                        "item_given",
                        "item_taken",
                        "item_thrown",
                        "irongolem.crack",
                        "irongolem.repair",
                        "horn_break",
                        "horn_call0",
                        "horn_call1",
                        "horn_call2",
                        "horn_call3",
                        "horn_call4",
                        "horn_call5",
                        "horn_call6",
                        "horn_call7",
                        "imitate.warden",
                        "listening_angry",
                        "sonic_boom",
                        "sonic_charge",
                        "convert_to_frog",
                        "block.sculk.spread",
                        "charge.sculk",
                        "block.sculk_sensor.place",
                        "block.sculk_shrieker.place",
                        "block.enchanting_table.use",
                        "bundle.drop_contents",
                        "bundle.insert",
                        "bundle.insert_fail",
                        "bundle.remove_one",
                        "step_sand",
                        "dash_ready",
                        "pressure_plate.click_off",
                        "pressure_plate.click_on",
                        "button.click_off",
                        "button.click_on",
                        "door.open",
                        "door.close",
                        "trapdoor.open",
                        "trapdoor.close",
                        "fence_gate.open",
                        "fence_gate.close",
                        "insert",
                        "pickup",
                        "insert_enchanted",
                        "pickup_enchanted",
                        "shatter_pot",
                        "break_pot",
                        "brush",
                        "brush_completed",
                        "block.sign.waxed_interact_fail",
                        "note.bass",
                        "pumpkin.carve",
                        "mob.husk.convert_to_zombie",
                        "mob.pig.death",
                        "mob.hoglin.converted_to_zombified",
                        "ambient.underwater.enter",
                        "ambient.underwater.exit",
                        "bottle.fill",
                        "bottle.empty",
                        "block.decorated_pot.insert",
                        "block.decorated_pot.insert_fail",
                        "crafter.craft",
                        "crafter.fail",
                        "crafter.disable_slot",
                        "block.copper_bulb.turn_on",
                        "block.copper_bulb.turn_off",
                        "breeze_wind_charge.burst",
                        "imitate.breeze",
                        "trial_spawner.open_shutter",
                        "trial_spawner.detect_player",
                        "trial_spawner.close_shutter",
                        "trial_spawner.spawn_mob",
                        "trial_spawner.eject_item",
                        "trial_spawner.ambient",
                        "mob.armadillo.brush",
                        "mob.armadillo.scute_drop",
                        "armor.equip_wolf",
                        "armor.unequip_wolf",
                        "reflect",
                        "vault.open_shutter",
                        "vault.close_shutter",
                        "vault.eject_item",
                        "vault.insert_item",
                        "vault.insert_item_fail",
                        "vault.ambient",
                        "vault.activate",
                        "vault.deactivate",
                        "hurt.reduced",
                        "wind_charge.burst",
                        "armor.break_wolf",
                        "armor.crack_wolf",
                        "armor.repair_wolf",
                        "mace.smash_air",
                        "mace.smash_ground",
                        "mace.heavy_smash_ground",
                        "trial_spawner.charge_activate",
                        "trial_spawner.ambient_ominous",
                        "apply_effect.bad_omen",
                        "apply_effect.raid_omen",
                        "apply_effect.trial_omen",
                        "ominous_item_spawner.spawn_item",
                        "ominous_bottle.end_use",
                        "ominous_item_spawner.spawn_item_begin",
                        "ominous_item_spawner.about_to_spawn_item",
                        "imitate.bogged",
                        "vault.reject_rewarded_player",
                        "imitate.drowned",
                        "sponge.absorb",
                        "imitate.creaking",
                        "block.creaking_heart.trail",
                        "creaking_heart_spawn",
                        "activate",
                        "deactivate",
                        "freeze",
                        "unfreeze",
                        "open",
                        "open_long",
                        "close",
                        "close_long",
                        "imitate.phantom",
                        "imitate.zoglin",
                        "imitate.guardian",
                        "imitate.ravager",
                        "imitate.pillager",
                        "place_in_water",
                        "state_change",
                        "imitate.happy_ghast",
                        "armor.unequip_generic",
                        "ambient.weather.the_end_light_flash",
                        "lead.leash",
                        "lead.unleash",
                        "lead.break",
                        "unsaddle",
                        "armor.equip_copper",
                        "place_item",
                        "single_swap",
                        "multi_swap",
                        "undefined"
                    ]
                },
                "speed_multiplier": {
                    "type": "number"
                },
                "success_rate": {
                    "type": "number"
                }
            }
        },
        "4021724221": {
            "title": "Vec2",
            "oneOf": [
                {
                    "type": "array",
                    "items": {
                        "type": "number"
                    },
                    "minItems": 2,
                    "maxItems": 2
                },
                {
                    "type": "object",
                    "properties": {
                        "x": {
                            "type": "number"
                        },
                        "y": {
                            "type": "number"
                        }
                    }
                }
            ]
        },
        "2770948419": {
            "title": "BlockDescriptorProxy",
            "type": "object",
            "properties": {
                "name": {
                    "type": "string"
                },
                "states": {
                    "type": "object",
                    "additionalProperties": {
                        "$ref": "#/definitions/517105782"
                    }
                },
                "tags": {
                    "type": "string"
                }
            }
        },
        "1861715976": {
            "title": "minecraft:behavior.transport_items",
            "type": "object",
            "properties": {
                "allow_simultaneous_interaction": {
                    "type": "boolean"
                },
                "allowed_items": {
                    "type": "array",
                    "items": {
                        "$ref": "#/definitions/1531870811"
                    }
                },
                "control_flags": {
                    "type": "array",
                    "items": {
                        "title": "Goal's control flags",
                        "type": "string",
                        "enum": [
                            "move",
                            "look",
                            "jump"
                        ]
                    }
                },
                "destination_container_types": {
                    "type": "array",
                    "items": {
                        "$ref": "#/definitions/2794205495"
                    }
                },
                "disallowed_items": {
                    "type": "array",
                    "items": {
                        "$ref": "#/definitions/1531870811"
                    }
                },
                "idle_cooldown": {
                    "type": "integer"
                },
                "initial_cooldown": {
                    "type": "integer"
                },
                "interaction_time": {
                    "type": "number",
                    "minimum": 0.0
                },
                "max_stack_size": {
                    "type": "integer",
                    "minimum": 1.0,
                    "maximum": 64.0
                },
                "max_visited_containers": {
                    "type": "integer"
                },
                "place_strategy": {
                    "title": "place_strategy",
                    "type": "string",
                    "enum": [
                        "any",
                        "with_matching",
                        "with_matching_or_empty"
                    ]
                },
                "priority": {
                    "type": "integer",
                    "minimum": 0.0
                },
                "search_distance": {
                    "$ref": "#/definitions/4021724221"
                },
                "search_strategy": {
                    "title": "search_strategy",
                    "type": "string",
                    "enum": [
                        "nearest",
                        "random"
                    ]
                },
                "source_container_types": {
                    "type": "array",
                    "items": {
                        "$ref": "#/definitions/2794205495"
                    }
                }
            }
        },
        "1531870811": {
            "title": "Item Descriptor",
            "oneOf": [
                {
                    "type": "string"
                },
                {
                    "type": "object",
                    "additionalProperties": {
                        "type": "string"
                    }
                }
            ]
        },
        "1057349585": {
            "title": "FloatRange",
            "type": "object",
            "properties": {
                "max": {
                    "type": "number"
                },
                "min": {
                    "type": "number"
                }
            }
        },
        "4231633335": {
            "title": "minecraft:behavior.circle_around_anchor",
            "type": "object",
            "properties": {
                "angle_change": {
                    "type": "number"
                },
                "control_flags": {
                    "type": "array",
                    "items": {
                        "title": "Goal's control flags",
                        "type": "string",
                        "enum": [
                            "move",
                            "look",
                            "jump"
                        ]
                    }
                },
                "goal_radius": {
                    "type": "number"
                },
                "height_above_target_range": {
                    "$ref": "#/definitions/1057349585"
                },
                "height_adjustment_chance": {
                    "type": "number"
                },
                "height_offset_range": {
                    "$ref": "#/definitions/1057349585"
                },
                "priority": {
                    "type": "integer",
                    "minimum": 0.0
                },
                "radius_adjustment_chance": {
                    "type": "number"
                },
                "radius_change": {
                    "type": "number"
                },
                "radius_range": {
                    "$ref": "#/definitions/1057349585"
                },
                "speed_multiplier": {
                    "type": "number"
                }
            }
        },
        "2794205495": {
            "title": "Block Descriptor",
            "oneOf": [
                {
                    "$ref": "#/definitions/2770948419"
                },
                {
                    "type": "string",
                    "minLength": 1
                },
                {
                    "$ref": "#/definitions/2770948419"
                }
            ]
        },
        "517105782": {
            "title": "compound_proxy",
            "oneOf": [
                {
                    "type": "integer"
                },
                {
                    "type": "string"
                },
                {
                    "type": "boolean"
                }
            ]
        },
        "2159667979": {
            "title": "minecraft:behavior.eat_mob",
            "type": "object",
            "properties": {
                "control_flags": {
                    "type": "array",
                    "items": {
                        "title": "Goal's control flags",
                        "type": "string",
                        "enum": [
                            "move",
                            "look",
                            "jump"
                        ]
                    }
                },
                "eat_animation_time": {
                    "type": "number"
                },
                "eat_mob_sound": {
                    "type": "string"
                },
                "loot_table": {
                    "type": "string"
                },
                "priority": {
                    "type": "integer",
                    "minimum": 0.0
                },
                "pull_in_force": {
                    "type": "number"
                },
                "reach_mob_distance": {
                    "type": "number"
                },
                "run_speed": {
                    "type": "number"
                }
            }
        },
        "1492465940": {
            "title": "minecraft:behavior.dragonflaming",
            "type": "object",
            "properties": {
                "control_flags": {
                    "type": "array",
                    "items": {
                        "title": "Goal's control flags",
                        "type": "string",
                        "enum": [
                            "move",
                            "look",
                            "jump"
                        ]
                    }
                },
                "cooldown_time": {
                    "type": "number"
                },
                "flame_time": {
                    "type": "number"
                },
                "ground_flame_count": {
                    "type": "integer"
                },
                "priority": {
                    "type": "integer",
                    "minimum": 0.0
                },
                "roar_time": {
                    "type": "number"
                },
                "smoke_color": {
                    "type": "string"
                },
                "smoke_radius": {
                    "type": "number"
                },
                "smoke_time": {
                    "type": "number"
                }
            }
        }
    },
    "title": "Entity component definitions",
    "type": "object",
    "properties": {
        "minecraft:absorption": {
            "description": "Dynamic value"
        },
        "minecraft:addrider": {
            "description": "Dynamic value"
        },
        "minecraft:admire_item": {
            "description": "Dynamic value"
        },
        "minecraft:ageable": {
            "description": "Dynamic value"
        },
        "minecraft:ambient_sound_interval": {
            "description": "Dynamic value"
        },
        "minecraft:anger_level": {
            "description": "Dynamic value"
        },
        "minecraft:angry": {
            "description": "Dynamic value"
        },
        "minecraft:annotation.break_door": {
            "description": "Dynamic value"
        },
        "minecraft:annotation.open_door": {
            "description": "Dynamic value"
        },
        "minecraft:area_attack": {
            "description": "Dynamic value"
        },
        "minecraft:attack": {
            "description": "Dynamic value"
        },
        "minecraft:attack_cooldown": {
            "description": "Dynamic value"
        },
        "minecraft:attack_damage": {
            "description": "Dynamic value"
        },
        "minecraft:balloon": {
            "description": "Dynamic value"
        },
        "minecraft:balloonable": {
            "description": "Dynamic value"
        },
        "minecraft:barter": {
            "description": "Dynamic value"
        },
        "minecraft:behavior.admire_item": {
            "description": "Dynamic value"
        },
        "minecraft:behavior.avoid_block": {
            "description": "Dynamic value"
        },
        "minecraft:behavior.avoid_mob_type": {
            "description": "Dynamic value"
        },
        "minecraft:behavior.barter": {
            "description": "Dynamic value"
        },
        "minecraft:behavior.beg": {
            "description": "Dynamic value"
        },
        "minecraft:behavior.break_door": {
            "description": "Dynamic value"
        },
        "minecraft:behavior.breed": {
            "$ref": "#/definitions/3731384245"
        },
        "minecraft:behavior.celebrate": {
            "description": "Dynamic value"
        },
        "minecraft:behavior.celebrate_survive": {
            "description": "Dynamic value"
        },
        "minecraft:behavior.charge_attack": {
            "$ref": "#/definitions/1143284943"
        },
        "minecraft:behavior.charge_held_item": {
            "description": "Dynamic value"
        },
        "minecraft:behavior.circle_around_anchor": {
            "$ref": "#/definitions/4231633335"
        },
        "minecraft:behavior.controlled_by_player": {
            "$ref": "#/definitions/1926664697"
        },
        "minecraft:behavior.croak": {
            "description": "Dynamic value"
        },
        "minecraft:behavior.defend_trusted_target": {
            "description": "Dynamic value"
        },
        "minecraft:behavior.defend_village_target": {
            "description": "Dynamic value"
        },
        "minecraft:behavior.delayed_attack": {
            "description": "Dynamic value"
        },
        "minecraft:behavior.dig": {
            "description": "Dynamic value"
        },
        "minecraft:behavior.door_interact": {
            "description": "Dynamic value"
        },
        "minecraft:behavior.dragonchargeplayer": {
            "description": "Dynamic value"
        },
        "minecraft:behavior.dragondeath": {
            "description": "Dynamic value"
        },
        "minecraft:behavior.dragonflaming": {
            "$ref": "#/definitions/1492465940"
        },
        "minecraft:behavior.dragonholdingpattern": {
            "description": "Dynamic value"
        },
        "minecraft:behavior.dragonlanding": {
            "description": "Dynamic value"
        },
        "minecraft:behavior.dragonscanning": {
            "description": "Dynamic value"
        },
        "minecraft:behavior.dragonstrafeplayer": {
            "description": "Dynamic value"
        },
        "minecraft:behavior.dragontakeoff": {
            "description": "Dynamic value"
        },
        "minecraft:behavior.drink_milk": {
            "description": "Dynamic value"
        },
        "minecraft:behavior.drink_potion": {
            "description": "Dynamic value"
        },
        "minecraft:behavior.drop_item_for": {
            "description": "Dynamic value"
        },
        "minecraft:behavior.eat_block": {
            "description": "Dynamic value"
        },
        "minecraft:behavior.eat_carried_item": {
            "description": "Dynamic value"
        },
        "minecraft:behavior.eat_mob": {
            "$ref": "#/definitions/2159667979"
        },
        "minecraft:behavior.emerge": {
            "description": "Dynamic value"
        },
        "minecraft:behavior.enderman_leave_block": {
            "description": "Dynamic value"
        },
        "minecraft:behavior.enderman_take_block": {
            "description": "Dynamic value"
        },
        "minecraft:behavior.equip_item": {
            "description": "Dynamic value"
        },
        "minecraft:behavior.explore_outskirts": {
            "description": "Dynamic value"
        },
        "minecraft:behavior.fertilize_farm_block": {
            "description": "Dynamic value"
        },
        "minecraft:behavior.find_cover": {
            "description": "Dynamic value"
        },
        "minecraft:behavior.find_mount": {
            "description": "Dynamic value"
        },
        "minecraft:behavior.find_underwater_treasure": {
            "description": "Dynamic value"
        },
        "minecraft:behavior.fire_at_target": {
            "description": "Dynamic value"
        },
        "minecraft:behavior.flee_sun": {
            "description": "Dynamic value"
        },
        "minecraft:behavior.float": {
            "description": "Dynamic value"
        },
        "minecraft:behavior.float_tempt": {
            "description": "Dynamic value"
        },
        "minecraft:behavior.float_wander": {
            "description": "Dynamic value"
        },
        "minecraft:behavior.follow_caravan": {
            "description": "Dynamic value"
        },
        "minecraft:behavior.follow_mob": {
            "description": "Dynamic value"
        },
        "minecraft:behavior.follow_owner": {
            "description": "Dynamic value"
        },
        "minecraft:behavior.follow_parent": {
            "description": "Dynamic value"
        },
        "minecraft:behavior.follow_target_captain": {
            "description": "Dynamic value"
        },
        "minecraft:behavior.go_and_give_items_to_noteblock": {
            "description": "Dynamic value"
        },
        "minecraft:behavior.go_and_give_items_to_owner": {
            "description": "Dynamic value"
        },
        "minecraft:behavior.go_home": {
            "description": "Dynamic value"
        },
        "minecraft:behavior.guardian_attack": {
            "description": "Dynamic value"
        },
        "minecraft:behavior.harvest_farm_block": {
            "description": "Dynamic value"
        },
        "minecraft:behavior.hide": {
            "description": "Dynamic value"
        },
        "minecraft:behavior.hold_ground": {
            "description": "Dynamic value"
        },
        "minecraft:behavior.hover": {
            "description": "Dynamic value"
        },
        "minecraft:behavior.hurt_by_target": {
            "description": "Dynamic value"
        },
        "minecraft:behavior.inspect_bookshelf": {
            "description": "Dynamic value"
        },
        "minecraft:behavior.investigate_suspicious_location": {
            "description": "Dynamic value"
        },
        "minecraft:behavior.jump_around_target": {
            "description": "Dynamic value"
        },
        "minecraft:behavior.jump_to_block": {
            "description": "Dynamic value"
        },
        "minecraft:behavior.knockback_roar": {
            "description": "Dynamic value"
        },
        "minecraft:behavior.lay_down": {
            "description": "Dynamic value"
        },
        "minecraft:behavior.lay_egg": {
            "description": "Dynamic value"
        },
        "minecraft:behavior.leap_at_target": {
            "description": "Dynamic value"
        },
        "minecraft:behavior.look_at_entity": {
            "description": "Dynamic value"
        },
        "minecraft:behavior.look_at_player": {
            "description": "Dynamic value"
        },
        "minecraft:behavior.look_at_target": {
            "description": "Dynamic value"
        },
        "minecraft:behavior.look_at_trading_player": {
            "description": "Dynamic value"
        },
        "minecraft:behavior.make_love": {
            "description": "Dynamic value"
        },
        "minecraft:behavior.melee_attack": {
            "description": "Dynamic value"
        },
        "minecraft:behavior.melee_box_attack": {
            "description": "Dynamic value"
        },
        "minecraft:behavior.mingle": {
            "description": "Dynamic value"
        },
        "minecraft:behavior.mount_pathing": {
            "description": "Dynamic value"
        },
        "minecraft:behavior.move_around_target": {
            "description": "Dynamic value"
        },
        "minecraft:behavior.move_indoors": {
            "description": "Dynamic value"
        },
        "minecraft:behavior.move_outdoors": {
            "description": "Dynamic value"
        },
        "minecraft:behavior.move_through_village": {
            "description": "Dynamic value"
        },
        "minecraft:behavior.move_to_block": {
            "description": "Dynamic value"
        },
        "minecraft:behavior.move_to_land": {
            "description": "Dynamic value"
        },
        "minecraft:behavior.move_to_lava": {
            "description": "Dynamic value"
        },
        "minecraft:behavior.move_to_liquid": {
            "description": "Dynamic value"
        },
        "minecraft:behavior.move_to_poi": {
            "description": "Dynamic value"
        },
        "minecraft:behavior.move_to_random_block": {
            "description": "Dynamic value"
        },
        "minecraft:behavior.move_to_village": {
            "description": "Dynamic value"
        },
        "minecraft:behavior.move_to_water": {
            "description": "Dynamic value"
        },
        "minecraft:behavior.move_towards_dwelling_restriction": {
            "description": "Dynamic value"
        },
        "minecraft:behavior.move_towards_home_restriction": {
            "description": "Dynamic value"
        },
        "minecraft:behavior.move_towards_target": {
            "description": "Dynamic value"
        },
        "minecraft:behavior.nap": {
            "description": "Dynamic value"
        },
        "minecraft:behavior.nearest_attackable_target": {
            "description": "Dynamic value"
        },
        "minecraft:behavior.nearest_prioritized_attackable_target": {
            "description": "Dynamic value"
        },
        "minecraft:behavior.ocelot_sit_on_block": {
            "description": "Dynamic value"
        },
        "minecraft:behavior.ocelotattack": {
            "description": "Dynamic value"
        },
        "minecraft:behavior.offer_flower": {
            "description": "Dynamic value"
        },
        "minecraft:behavior.open_door": {
            "description": "Dynamic value"
        },
        "minecraft:behavior.owner_hurt_by_target": {
            "description": "Dynamic value"
        },
        "minecraft:behavior.owner_hurt_target": {
            "description": "Dynamic value"
        },
        "minecraft:behavior.panic": {
            "description": "Dynamic value"
        },
        "minecraft:behavior.pet_sleep_with_owner": {
            "description": "Dynamic value"
        },
        "minecraft:behavior.pickup_items": {
            "description": "Dynamic value"
        },
        "minecraft:behavior.place_block": {
            "description": "Dynamic value"
        },
        "minecraft:behavior.play": {
            "description": "Dynamic value"
        },
        "minecraft:behavior.play_dead": {
            "description": "Dynamic value"
        },
        "minecraft:behavior.player_ride_tamed": {
            "description": "Dynamic value"
        },
        "minecraft:behavior.raid_garden": {
            "description": "Dynamic value"
        },
        "minecraft:behavior.ram_attack": {
            "description": "Dynamic value"
        },
        "minecraft:behavior.random_breach": {
            "description": "Dynamic value"
        },
        "minecraft:behavior.random_fly": {
            "description": "Dynamic value"
        },
        "minecraft:behavior.random_hover": {
            "description": "Dynamic value"
        },
        "minecraft:behavior.random_look_around": {
            "description": "Dynamic value"
        },
        "minecraft:behavior.random_look_around_and_sit": {
            "description": "Dynamic value"
        },
        "minecraft:behavior.random_search_and_dig": {
            "description": "Dynamic value"
        },
        "minecraft:behavior.random_sitting": {
            "description": "Dynamic value"
        },
        "minecraft:behavior.random_stroll": {
            "description": "Dynamic value"
        },
        "minecraft:behavior.random_swim": {
            "description": "Dynamic value"
        },
        "minecraft:behavior.ranged_attack": {
            "description": "Dynamic value"
        },
        "minecraft:behavior.receive_love": {
            "description": "Dynamic value"
        },
        "minecraft:behavior.restrict_open_door": {
            "description": "Dynamic value"
        },
        "minecraft:behavior.restrict_sun": {
            "description": "Dynamic value"
        },
        "minecraft:behavior.rise_to_liquid_level": {
            "description": "Dynamic value"
        },
        "minecraft:behavior.roar": {
            "description": "Dynamic value"
        },
        "minecraft:behavior.roll": {
            "description": "Dynamic value"
        },
        "minecraft:behavior.run_around_like_crazy": {
            "description": "Dynamic value"
        },
        "minecraft:behavior.scared": {
            "description": "Dynamic value"
        },
        "minecraft:behavior.send_event": {
            "description": "Dynamic value"
        },
        "minecraft:behavior.share_items": {
            "description": "Dynamic value"
        },
        "minecraft:behavior.silverfish_merge_with_stone": {
            "description": "Dynamic value"
        },
        "minecraft:behavior.silverfish_wake_up_friends": {
            "description": "Dynamic value"
        },
        "minecraft:behavior.skeleton_horse_trap": {
            "description": "Dynamic value"
        },
        "minecraft:behavior.sleep": {
            "description": "Dynamic value"
        },
        "minecraft:behavior.slime_attack": {
            "description": "Dynamic value"
        },
        "minecraft:behavior.slime_float": {
            "description": "Dynamic value"
        },
        "minecraft:behavior.slime_keep_on_jumping": {
            "description": "Dynamic value"
        },
        "minecraft:behavior.slime_random_direction": {
            "description": "Dynamic value"
        },
        "minecraft:behavior.snacking": {
            "description": "Dynamic value"
        },
        "minecraft:behavior.sneeze": {
            "description": "Dynamic value"
        },
        "minecraft:behavior.sniff": {
            "description": "Dynamic value"
        },
        "minecraft:behavior.sonic_boom": {
            "description": "Dynamic value"
        },
        "minecraft:behavior.squid_dive": {
            "description": "Dynamic value"
        },
        "minecraft:behavior.squid_flee": {
            "description": "Dynamic value"
        },
        "minecraft:behavior.squid_idle": {
            "description": "Dynamic value"
        },
        "minecraft:behavior.squid_move_away_from_ground": {
            "description": "Dynamic value"
        },
        "minecraft:behavior.squid_out_of_water": {
            "description": "Dynamic value"
        },
        "minecraft:behavior.stalk_and_pounce_on_target": {
            "description": "Dynamic value"
        },
        "minecraft:behavior.stay_near_noteblock": {
            "description": "Dynamic value"
        },
        "minecraft:behavior.stay_while_sitting": {
            "description": "Dynamic value"
        },
        "minecraft:behavior.stomp_attack": {
            "description": "Dynamic value"
        },
        "minecraft:behavior.stomp_turtle_egg": {
            "description": "Dynamic value"
        },
        "minecraft:behavior.stroll_towards_village": {
            "description": "Dynamic value"
        },
        "minecraft:behavior.summon_entity": {
            "description": "Dynamic value"
        },
        "minecraft:behavior.swell": {
            "description": "Dynamic value"
        },
        "minecraft:behavior.swim_idle": {
            "description": "Dynamic value"
        },
        "minecraft:behavior.swim_up_for_breath": {
            "description": "Dynamic value"
        },
        "minecraft:behavior.swim_wander": {
            "description": "Dynamic value"
        },
        "minecraft:behavior.swim_with_entity": {
            "description": "Dynamic value"
        },
        "minecraft:behavior.swoop_attack": {
            "description": "Dynamic value"
        },
        "minecraft:behavior.take_block": {
            "description": "Dynamic value"
        },
        "minecraft:behavior.take_flower": {
            "description": "Dynamic value"
        },
        "minecraft:behavior.target_when_pushed": {
            "description": "Dynamic value"
        },
        "minecraft:behavior.teleport_to_owner": {
            "description": "Dynamic value"
        },
        "minecraft:behavior.tempt": {
            "description": "Dynamic value"
        },
        "minecraft:behavior.timer_flag_1": {
            "description": "Dynamic value"
        },
        "minecraft:behavior.timer_flag_2": {
            "description": "Dynamic value"
        },
        "minecraft:behavior.timer_flag_3": {
            "description": "Dynamic value"
        },
        "minecraft:behavior.trade_interest": {
            "description": "Dynamic value"
        },
        "minecraft:behavior.trade_with_player": {
            "description": "Dynamic value"
        },
        "minecraft:behavior.transport_items": {
            "$ref": "#/definitions/1861715976"
        },
        "minecraft:behavior.vex_copy_owner_target": {
            "description": "Dynamic value"
        },
        "minecraft:behavior.vex_random_move": {
            "description": "Dynamic value"
        },
        "minecraft:behavior.wither_random_attack_pos_goal": {
            "description": "Dynamic value"
        },
        "minecraft:behavior.wither_target_highest_damage": {
            "description": "Dynamic value"
        },
        "minecraft:behavior.work": {
            "description": "Dynamic value"
        },
        "minecraft:behavior.work_composter": {
            "description": "Dynamic value"
        },
        "minecraft:block_climber": {
            "description": "Dynamic value"
        },
        "minecraft:block_sensor": {
            "description": "Dynamic value"
        },
        "minecraft:body_rotation_always_follows_head": {
            "description": "Dynamic value"
        },
        "minecraft:body_rotation_blocked": {
            "description": "Dynamic value"
        },
        "minecraft:boostable": {
            "description": "Dynamic value"
        },
        "minecraft:boss": {
            "description": "Dynamic value"
        },
        "minecraft:break_blocks": {
            "description": "Dynamic value"
        },
        "minecraft:breathable": {
            "description": "Dynamic value"
        },
        "minecraft:breedable": {
            "description": "Dynamic value"
        },
        "minecraft:bribeable": {
            "description": "Dynamic value"
        },
        "minecraft:bucketable": {
            "description": "Dynamic value"
        },
        "minecraft:buoyant": {
            "description": "Dynamic value"
        },
        "minecraft:burns_in_daylight": {
            "description": "Dynamic value"
        },
        "minecraft:can_climb": {
            "description": "Dynamic value"
        },
        "minecraft:can_fly": {
            "description": "Dynamic value"
        },
        "minecraft:can_join_raid": {
            "description": "Dynamic value"
        },
        "minecraft:can_power_jump": {
            "description": "Dynamic value"
        },
        "minecraft:cannot_be_attacked": {
            "description": "Dynamic value"
        },
        "minecraft:celebrate_hunt": {
            "description": "Dynamic value"
        },
        "minecraft:collision_box": {
            "description": "Dynamic value"
        },
        "minecraft:color": {
            "description": "Dynamic value"
        },
        "minecraft:color2": {
            "description": "Dynamic value"
        },
        "minecraft:combat_regeneration": {
            "description": "Dynamic value"
        },
        "minecraft:conditional_bandwidth_optimization": {
            "description": "Dynamic value"
        },
        "minecraft:custom_hit_test": {
            "description": "Dynamic value"
        },
        "minecraft:damage_over_time": {
            "description": "Dynamic value"
        },
        "minecraft:damage_sensor": {
            "description": "Dynamic value"
        },
        "minecraft:dash_action": {
            "description": "Dynamic value"
        },
        "minecraft:default_look_angle": {
            "description": "Dynamic value"
        },
        "minecraft:despawn": {
            "description": "Dynamic value"
        },
        "minecraft:dimension_bound": {
            "description": "Dynamic value"
        },
        "minecraft:drying_out_timer": {
            "description": "Dynamic value"
        },
        "minecraft:dweller": {
            "description": "Dynamic value"
        },
        "minecraft:economy_trade_table": {
            "description": "Dynamic value"
        },
        "minecraft:entity_armor_equipment_slot_mapping": {
            "description": "Dynamic value"
        },
        "minecraft:entity_sensor": {
            "description": "Dynamic value"
        },
        "minecraft:environment_sensor": {
            "description": "Dynamic value"
        },
        "minecraft:equip_item": {
            "description": "Dynamic value"
        },
        "minecraft:equipment": {
            "description": "Dynamic value"
        },
        "minecraft:equippable": {
            "description": "Dynamic value"
        },
        "minecraft:exhaustion_values": {
            "description": "Dynamic value"
        },
        "minecraft:experience_reward": {
            "description": "Dynamic value"
        },
        "minecraft:explode": {
            "description": "Dynamic value"
        },
        "minecraft:fire_immune": {
            "description": "Dynamic value"
        },
        "minecraft:floats_in_liquid": {
            "description": "Dynamic value"
        },
        "minecraft:flocking": {
            "description": "Dynamic value"
        },
        "minecraft:flying_speed": {
            "description": "Dynamic value"
        },
        "minecraft:follow_range": {
            "description": "Dynamic value"
        },
        "minecraft:free_camera_controlled": {
            "description": "Dynamic value"
        },
        "minecraft:friction_modifier": {
            "description": "Dynamic value"
        },
        "minecraft:game_event_movement_tracking": {
            "description": "Dynamic value"
        },
        "minecraft:genetics": {
            "description": "Dynamic value"
        },
        "minecraft:giveable": {
            "description": "Dynamic value"
        },
        "minecraft:ground_offset": {
            "description": "Dynamic value"
        },
        "minecraft:group_size": {
            "description": "Dynamic value"
        },
        "minecraft:grows_crop": {
            "description": "Dynamic value"
        },
        "minecraft:healable": {
            "description": "Dynamic value"
        },
        "minecraft:health": {
            "description": "Dynamic value"
        },
        "minecraft:heartbeat": {
            "description": "Dynamic value"
        },
        "minecraft:hide": {
            "description": "Dynamic value"
        },
        "minecraft:home": {
            "description": "Dynamic value"
        },
        "minecraft:horse.jump_strength": {
            "description": "Dynamic value"
        },
        "minecraft:hurt_on_condition": {
            "description": "Dynamic value"
        },
        "minecraft:ignore_cannot_be_attacked": {
            "description": "Dynamic value"
        },
        "minecraft:input_ground_controlled": {
            "description": "Dynamic value"
        },
        "minecraft:inside_block_notifier": {
            "description": "Dynamic value"
        },
        "minecraft:insomnia": {
            "description": "Dynamic value"
        },
        "minecraft:instant_despawn": {
            "description": "Dynamic value"
        },
        "minecraft:interact": {
            "description": "Dynamic value"
        },
        "minecraft:inventory": {
            "description": "Dynamic value"
        },
        "minecraft:is_baby": {
            "description": "Dynamic value"
        },
        "minecraft:is_charged": {
            "description": "Dynamic value"
        },
        "minecraft:is_chested": {
            "description": "Dynamic value"
        },
        "minecraft:is_collidable": {
            "description": "Dynamic value"
        },
        "minecraft:is_dyeable": {
            "description": "Dynamic value"
        },
        "minecraft:is_hidden_when_invisible": {
            "description": "Dynamic value"
        },
        "minecraft:is_ignited": {
            "description": "Dynamic value"
        },
        "minecraft:is_illager_captain": {
            "description": "Dynamic value"
        },
        "minecraft:is_pregnant": {
            "description": "Dynamic value"
        },
        "minecraft:is_saddled": {
            "description": "Dynamic value"
        },
        "minecraft:is_shaking": {
            "description": "Dynamic value"
        },
        "minecraft:is_sheared": {
            "description": "Dynamic value"
        },
        "minecraft:is_stackable": {
            "description": "Dynamic value"
        },
        "minecraft:is_stunned": {
            "description": "Dynamic value"
        },
        "minecraft:is_tamed": {
            "description": "Dynamic value"
        },
        "minecraft:item_controllable": {
            "description": "Dynamic value"
        },
        "minecraft:item_hopper": {
            "description": "Dynamic value"
        },
        "minecraft:jump.dynamic": {
            "description": "Dynamic value"
        },
        "minecraft:jump.static": {
            "description": "Dynamic value"
        },
        "minecraft:knockback_resistance": {
            "description": "Dynamic value"
        },
        "minecraft:lava_movement": {
            "description": "Dynamic value"
        },
        "minecraft:leashable": {
            "description": "Dynamic value"
        },
        "minecraft:leashable_to": {
            "description": "Dynamic value"
        },
        "minecraft:looked_at": {
            "description": "Dynamic value"
        },
        "minecraft:loot": {
            "description": "Dynamic value"
        },
        "minecraft:luck": {
            "description": "Dynamic value"
        },
        "minecraft:managed_wandering_trader": {
            "description": "Dynamic value"
        },
        "minecraft:mark_variant": {
            "description": "Dynamic value"
        },
        "minecraft:mob_effect": {
            "description": "Dynamic value"
        },
        "minecraft:mob_effect_immunity": {
            "description": "Dynamic value"
        },
        "minecraft:movement": {
            "description": "Dynamic value"
        },
        "minecraft:movement.amphibious": {
            "description": "Dynamic value"
        },
        "minecraft:movement.basic": {
            "description": "Dynamic value"
        },
        "minecraft:movement.dolphin": {
            "description": "Dynamic value"
        },
        "minecraft:movement.fly": {
            "description": "Dynamic value"
        },
        "minecraft:movement.generic": {
            "description": "Dynamic value"
        },
        "minecraft:movement.glide": {
            "description": "Dynamic value"
        },
        "minecraft:movement.hover": {
            "description": "Dynamic value"
        },
        "minecraft:movement.jump": {
            "description": "Dynamic value"
        },
        "minecraft:movement.skip": {
            "description": "Dynamic value"
        },
        "minecraft:movement.sway": {
            "description": "Dynamic value"
        },
        "minecraft:movement_sound_distance_offset": {
            "description": "Dynamic value"
        },
        "minecraft:nameable": {
            "description": "Dynamic value"
        },
        "minecraft:navigation.climb": {
            "description": "Dynamic value"
        },
        "minecraft:navigation.float": {
            "description": "Dynamic value"
        },
        "minecraft:navigation.fly": {
            "description": "Dynamic value"
        },
        "minecraft:navigation.generic": {
            "description": "Dynamic value"
        },
        "minecraft:navigation.hover": {
            "description": "Dynamic value"
        },
        "minecraft:navigation.swim": {
            "description": "Dynamic value"
        },
        "minecraft:navigation.walk": {
            "description": "Dynamic value"
        },
        "minecraft:npc": {
            "description": "Dynamic value"
        },
        "minecraft:on_death": {
            "description": "Dynamic value"
        },
        "minecraft:on_friendly_anger": {
            "description": "Dynamic value"
        },
        "minecraft:on_hurt": {
            "description": "Dynamic value"
        },
        "minecraft:on_hurt_by_player": {
            "description": "Dynamic value"
        },
        "minecraft:on_ignite": {
            "description": "Dynamic value"
        },
        "minecraft:on_start_landing": {
            "description": "Dynamic value"
        },
        "minecraft:on_start_takeoff": {
            "description": "Dynamic value"
        },
        "minecraft:on_target_acquired": {
            "description": "Dynamic value"
        },
        "minecraft:on_target_escape": {
            "description": "Dynamic value"
        },
        "minecraft:on_wake_with_owner": {
            "description": "Dynamic value"
        },
        "minecraft:out_of_control": {
            "description": "Dynamic value"
        },
        "minecraft:peek": {
            "description": "Dynamic value"
        },
        "minecraft:persistent": {
            "description": "Dynamic value"
        },
        "minecraft:physics": {
            "description": "Dynamic value"
        },
        "minecraft:player.exhaustion": {
            "description": "Dynamic value"
        },
        "minecraft:player.experience": {
            "description": "Dynamic value"
        },
        "minecraft:player.hunger": {
            "description": "Dynamic value"
        },
        "minecraft:player.level": {
            "description": "Dynamic value"
        },
        "minecraft:player.saturation": {
            "description": "Dynamic value"
        },
        "minecraft:preferred_path": {
            "description": "Dynamic value"
        },
        "minecraft:projectile": {
            "description": "Dynamic value"
        },
        "minecraft:push_through": {
            "description": "Dynamic value"
        },
        "minecraft:pushable": {
            "description": "Dynamic value"
        },
        "minecraft:raid_trigger": {
            "description": "Dynamic value"
        },
        "minecraft:rail_movement": {
            "description": "Dynamic value"
        },
        "minecraft:rail_sensor": {
            "description": "Dynamic value"
        },
        "minecraft:ravager_blocked": {
            "description": "Dynamic value"
        },
        "minecraft:reflect_projectiles": {
            "description": "Dynamic value"
        },
        "minecraft:renders_when_invisible": {
            "description": "Dynamic value"
        },
        "minecraft:rideable": {
            "description": "Dynamic value"
        },
        "minecraft:rotation_axis_aligned": {
            "description": "Dynamic value"
        },
        "minecraft:scale": {
            "description": "Dynamic value"
        },
        "minecraft:scale_by_age": {
            "description": "Dynamic value"
        },
        "minecraft:scheduler": {
            "description": "Dynamic value"
        },
        "minecraft:shareables": {
            "description": "Dynamic value"
        },
        "minecraft:shooter": {
            "description": "Dynamic value"
        },
        "minecraft:sittable": {
            "description": "Dynamic value"
        },
        "minecraft:skin_id": {
            "description": "Dynamic value"
        },
        "minecraft:sound_volume": {
            "description": "Dynamic value"
        },
        "minecraft:spawn_entity": {
            "description": "Dynamic value"
        },
        "minecraft:spell_effects": {
            "description": "Dynamic value"
        },
        "minecraft:strength": {
            "description": "Dynamic value"
        },
        "minecraft:suspect_tracking": {
            "description": "Dynamic value"
        },
        "minecraft:tameable": {
            "description": "Dynamic value"
        },
        "minecraft:tamemount": {
            "description": "Dynamic value"
        },
        "minecraft:target_nearby_sensor": {
            "description": "Dynamic value"
        },
        "minecraft:teleport": {
            "description": "Dynamic value"
        },
        "minecraft:tick_world": {
            "$ref": "#/definitions/1057040869"
        },
        "minecraft:timer": {
            "description": "Dynamic value"
        },
        "minecraft:trade_resupply": {
            "description": "Dynamic value"
        },
        "minecraft:trade_table": {
            "description": "Dynamic value"
        },
        "minecraft:trail": {
            "description": "Dynamic value"
        },
        "minecraft:transformation": {
            "description": "Dynamic value"
        },
        "minecraft:transient": {
            "description": "Dynamic value"
        },
        "minecraft:trust": {
            "description": "Dynamic value"
        },
        "minecraft:trusting": {
            "description": "Dynamic value"
        },
        "minecraft:type_family": {
            "description": "Dynamic value"
        },
        "minecraft:underwater_movement": {
            "description": "Dynamic value"
        },
        "minecraft:variable_max_auto_step": {
            "description": "Dynamic value"
        },
        "minecraft:variant": {
            "description": "Dynamic value"
        },
        "minecraft:vertical_movement_action": {
            "description": "Dynamic value"
        },
        "minecraft:vibration_damper": {
            "description": "Dynamic value"
        },
        "minecraft:vibration_listener": {
            "description": "Dynamic value"
        },
        "minecraft:walk_animation_speed": {
            "description": "Dynamic value"
        },
        "minecraft:wants_jockey": {
            "description": "Dynamic value"
        },
        "minecraft:water_movement": {
            "description": "Dynamic value"
        },
        "minecraft:wither_target_highest_damage": {
            "description": "Dynamic value"
        }
    }
}