{
    "$schema": "http://json-schema.org/draft-07/schema#",
    "$id": "1926664697",
    "x-format-version": "1.21.100",
    "x-minecraft-version": "1.21.120-beta.21",
    "title": "minecraft:behavior.controlled_by_player",
    "type": "object",
    "properties": {
        "control_flags": {
            "type": "array",
            "items": {
                "title": "Goal's control flags",
                "type": "string",
                "enum": [
                    "move",
                    "look",
                    "jump"
                ]
            }
        },
        "fractional_rotation": {
            "type": "number",
            "minimum": 0.5,
            "maximum": 1.0
        },
        "fractional_rotation_limit": {
            "type": "number"
        },
        "mount_speed_multiplier": {
            "type": "number"
        },
        "priority": {
            "type": "integer",
            "minimum": 0.0
        }
    }
}