{
    "$schema": "http://json-schema.org/draft-07/schema#",
    "$id": "1057040869",
    "x-format-version": "1.21.100",
    "x-minecraft-version": "1.21.120-beta.21",
    "title": "minecraft:tick_world",
    "type": "object",
    "properties": {
        "distance_to_players": {
            "type": "number",
            "minimum": 128.0
        },
        "never_despawn": {
            "type": "boolean"
        },
        "radius": {
            "type": "integer",
            "minimum": 2.0,
            "maximum": 6.0
        }
    }
}