{
    "$schema": "http://json-schema.org/draft-07/schema#",
    "$id": "4121537914",
    "x-format-version": "1.21.110",
    "x-minecraft-version": "1.21.120-beta.22",
    "title": "menu_category",
    "type": "object",
    "properties": {
        "category": {
            "title": "CreativeItemCategory",
            "type": "string",
            "enum": [
                "construction",
                "nature",
                "equipment",
                "items",
                "none"
            ]
        },
        "group": {
            "type": "string",
            "maxLength": 256,
            "pattern": "^(?:.)+:(?:.)+$"
        },
        "is_hidden_in_commands": {
            "type": "boolean"
        }
    }
}