{
    "$schema": "http://json-schema.org/draft-07/schema#",
    "$id": "3044673183",
    "x-format-version": "1.21.100",
    "x-minecraft-version": "1.21.120-beta.22",
    "title": "minecraft:target",
    "type": "object",
    "properties": {
        "continue_targeting": {
            "type": "boolean"
        },
        "horizontal_rotation_limit": {
            "type": "array",
            "items": {
                "type": "number",
                "exclusiveMinimum": 0.0,
                "exclusiveMaximum": 360.0
            },
            "minItems": 2,
            "maxItems": 2
        },
        "rotation_speed": {
            "type": "number",
            "minimum": 0.0,
            "maximum": 360.0
        },
        "snap_to_target": {
            "type": "boolean"
        },
        "tracking_radius": {
            "type": "number"
        },
        "vertical_rotation_limit": {
            "type": "array",
            "items": {
                "type": "number",
                "minimum": 0.0,
                "maximum": 180.0
            },
            "minItems": 2,
            "maxItems": 2
        }
    }
}