{
    "$schema": "http://json-schema.org/draft-07/schema#",
    "$id": "266005108",
    "x-format-version": "1.21.100",
    "x-minecraft-version": "1.21.120-beta.22",
    "title": "minecraft:camera_perspective_option",
    "type": "object",
    "properties": {
        "view_mode": {
            "title": "view_mode",
            "type": "string",
            "enum": [
                "first_person",
                "third_person",
                "third_person_front"
            ]
        }
    }
}