{
    "$schema": "http://json-schema.org/draft-07/schema#",
    "$id": "3403058803",
    "x-format-version": "1.21.100",
    "x-minecraft-version": "1.21.120-beta.22",
    "title": "minecraft:camera_orbit",
    "type": "object",
    "properties": {
        "azimuth_smoothing_spring": {
            "type": "number",
            "minimum": 0.0
        },
        "distance_smoothing_spring": {
            "type": "number",
            "minimum": 0.0
        },
        "invert_x_input": {
            "type": "boolean"
        },
        "invert_y_input": {
            "type": "boolean"
        },
        "polar_angle_max": {
            "type": "number",
            "minimum": 0.0,
            "maximum": 180.0
        },
        "polar_angle_min": {
            "type": "number",
            "minimum": 0.0,
            "maximum": 180.0
        },
        "polar_angle_smoothing_spring": {
            "type": "number",
            "minimum": 0.0
        },
        "radius": {
            "type": "number",
            "minimum": 0.10000000149011612,
            "maximum": 64.0
        },
        "yaw_angle_max": {
            "type": "number",
            "minimum": -180.0,
            "maximum": 180.0
        },
        "yaw_angle_min": {
            "type": "number",
            "minimum": -180.0,
            "maximum": 180.0
        }
    }
}