{
    "$schema": "http://json-schema.org/draft-07/schema#",
    "$id": "3937875407",
    "x-format-version": "1.21.100",
    "x-minecraft-version": "1.21.120-beta.21",
    "definitions": {
        "3915697282": {
            "title": "Color255RGB",
            "oneOf": [
                {
                    "type": "string",
                    "pattern": "^#[a-fA-F0-9]{6}$"
                },
                {
                    "type": "array",
                    "items": {
                        "type": "integer"
                    },
                    "minItems": 3,
                    "maxItems": 3
                }
            ],
            "$metaProperties": {
                "CEREAL_EDITOR_SCHEMA_TAG": "type:color"
            }
        }
    },
    "title": "custom_map_tint_grass_tint",
    "type": "object",
    "properties": {
        "tint": {
            "$ref": "#/definitions/3915697282"
        },
        "type": {
            "title": "GrassType",
            "type": "string",
            "const": "tint",
            "enum": [
                "tint",
                "noise"
            ]
        }
    },
    "required": [
        "tint",
        "type"
    ]
}