{
    "$schema": "http://json-schema.org/draft-07/schema#",
    "$id": "1703738264",
    "x-format-version": "1.21.100",
    "x-minecraft-version": "1.21.120-beta.22",
    "title": "custom_map_tint_grass_noise",
    "type": "object",
    "properties": {
        "type": {
            "title": "GrassType",
            "type": "string",
            "const": "noise",
            "enum": [
                "tint",
                "noise"
            ]
        }
    },
    "required": [
        "type"
    ]
}