{
    "$schema": "http://json-schema.org/draft-07/schema#",
    "$id": "957886722",
    "x-format-version": "1.21.110",
    "x-minecraft-version": "1.21.110-beta.25",
    "definitions": {
        "3178719147": {
            "title": "Molang expression",
            "oneOf": [
                {
                    "$ref": "#/definitions/2267778531"
                },
                {
                    "type": "number"
                }
            ]
        },
        "2267778531": {
            "title": "Molang string",
            "oneOf": [
                {
                    "type": "string"
                },
                {
                    "type": "object",
                    "properties": {
                        "expression": {
                            "type": "string"
                        },
                        "version": {
                            "type": "integer"
                        }
                    },
                    "required": [
                        "expression",
                        "version"
                    ]
                }
            ]
        }
    },
    "title": "minecraft:experience_reward",
    "type": "object",
    "properties": {
        "on_bred": {
            "$ref": "#/definitions/3178719147"
        },
        "on_bred_array": {
            "type": "array",
            "deprecated": true,
            "items": {
                "$ref": "#/definitions/3178719147"
            }
        },
        "on_death": {
            "$ref": "#/definitions/3178719147"
        },
        "on_death_array": {
            "type": "array",
            "deprecated": true,
            "items": {
                "$ref": "#/definitions/3178719147"
            }
        }
    }
}