{
    "$schema": "http://json-schema.org/draft-07/schema#",
    "$id": "597030358",
    "x-format-version": "1.21.110",
    "x-minecraft-version": "1.21.120-beta.21",
    "title": "minecraft:behavior.slime_attack",
    "type": "object",
    "properties": {
        "control_flags": {
            "type": "array",
            "items": {
                "title": "Goal's control flags",
                "type": "string",
                "enum": [
                    "move",
                    "look",
                    "jump"
                ]
            }
        },
        "grow_tired_cooldown_time": {
            "type": "number"
        },
        "priority": {
            "type": "integer",
            "minimum": 0.0
        },
        "set_persistent": {
            "type": "boolean"
        },
        "speed_multiplier": {
            "type": "number"
        },
        "x_max_rotation": {
            "type": "number"
        },
        "y_max_rotation": {
            "type": "number"
        }
    }
}