{
    "$schema": "http://json-schema.org/draft-07/schema#",
    "$id": "298010374",
    "x-format-version": "1.21.110",
    "x-minecraft-version": "1.21.120-beta.22",
    "title": "minecraft:behavior.stay_near_noteblock",
    "type": "object",
    "properties": {
        "control_flags": {
            "type": "array",
            "items": {
                "title": "Goal's control flags",
                "type": "string",
                "enum": [
                    "move",
                    "look",
                    "jump"
                ]
            }
        },
        "listen_time": {
            "type": "integer"
        },
        "priority": {
            "type": "integer",
            "minimum": 0.0
        },
        "speed": {
            "type": "number"
        },
        "start_distance": {
            "type": "number"
        },
        "stop_distance": {
            "type": "number"
        }
    }
}