{
    "$schema": "http://json-schema.org/draft-07/schema#",
    "$id": "760104054",
    "x-format-version": "1.21.20",
    "x-minecraft-version": "1.21.120-beta.22",
    "definitions": {
        "1533541232": {
            "title": "Identifier",
            "type": "string"
        },
        "1509348670": {
            "title": "Description",
            "type": "object",
            "properties": {
                "identifier": {
                    "$ref": "#/definitions/1533541232"
                }
            },
            "required": [
                "identifier"
            ]
        },
        "741112715": {
            "title": "RandomSpreadPlacement",
            "type": "object",
            "properties": {
                "salt": {
                    "type": "integer"
                },
                "separation": {
                    "type": "integer",
                    "minimum": 0.0
                },
                "spacing": {
                    "type": "integer",
                    "minimum": 1.0
                },
                "spread_type": {
                    "title": "SpreadType",
                    "type": "string",
                    "enum": [
                        "linear",
                        "triangular"
                    ]
                },
                "type": {
                    "title": "PlacementType",
                    "type": "string",
                    "enum": [
                        "minecraft:random_spread"
                    ]
                }
            },
            "required": [
                "salt",
                "separation",
                "spacing",
                "type"
            ]
        },
        "1357039345": {
            "title": "Reference",
            "type": "string"
        },
        "3295675449": {
            "title": "Structure",
            "type": "object",
            "properties": {
                "structure": {
                    "$ref": "#/definitions/1357039345"
                },
                "weight": {
                    "type": "integer",
                    "minimum": 1.0,
                    "maximum": 200.0
                }
            },
            "required": [
                "structure",
                "weight"
            ]
        }
    },
    "title": "A Jigsaw Structure Set is a collection of Jigsaw Structures that are placed according to a set of rules.",
    "type": "object",
    "properties": {
        "description": {
            "$ref": "#/definitions/1509348670"
        },
        "placement": {
            "$ref": "#/definitions/741112715"
        },
        "structures": {
            "type": "array",
            "items": {
                "$ref": "#/definitions/3295675449"
            }
        }
    },
    "required": [
        "description",
        "placement",
        "structures"
    ]
}