{
    "$schema": "http://json-schema.org/draft-07/schema#",
    "$id": "3494639353",
    "x-format-version": "1.20.50",
    "x-minecraft-version": "1.21.110-beta.22",
    "definitions": {
        "1398826300": {
            "title": "IntRange",
            "type": "object",
            "properties": {
                "max": {
                    "type": "integer"
                },
                "min": {
                    "type": "integer"
                }
            }
        }
    },
    "title": "minecraft:durability",
    "type": "object",
    "properties": {
        "damage_chance": {
            "$ref": "#/definitions/1398826300"
        },
        "max_durability": {
            "type": "integer",
            "minimum": 0.0
        }
    },
    "required": [
        "max_durability"
    ]
}