{
    "$schema": "http://json-schema.org/draft-07/schema#",
    "$id": "4184661767",
    "x-format-version": "1.21.80",
    "x-minecraft-version": "1.21.110-beta.25",
    "definitions": {
        "3471754814": {
            "title": "Reference",
            "type": "string"
        }
    },
    "title": "minecraft:biome_music",
    "type": "object",
    "properties": {
        "music_definition": {
            "$ref": "#/definitions/3471754814"
        },
        "volume_multiplier": {
            "type": "number"
        }
    }
}