{
    "$schema": "http://json-schema.org/draft-07/schema#",
    "$id": "3211621278",
    "x-format-version": "1.20.60",
    "x-minecraft-version": "1.21.120-beta.22",
    "definitions": {
        "4018363348": {
            "title": "Description",
            "type": "object",
            "properties": {
                "identifier": {
                    "type": "string"
                }
            },
            "required": [
                "identifier"
            ]
        },
        "2265541796": {
            "title": "Rule",
            "type": "object",
            "properties": {
                "direction": {
                    "title": "Facing",
                    "type": "string",
                    "enum": [
                        "down",
                        "up",
                        "north",
                        "south",
                        "west",
                        "east"
                    ]
                },
                "geometry_part": {
                    "$ref": "#/definitions/3626427109"
                }
            },
            "required": [
                "direction",
                "geometry_part"
            ]
        },
        "3626427109": {
            "title": "Rule Geometry Part",
            "type": "object",
            "properties": {
                "bone": {
                    "type": "string"
                },
                "cube": {
                    "type": "integer",
                    "minimum": 0.0
                },
                "face": {
                    "title": "Facing",
                    "type": "string",
                    "enum": [
                        "down",
                        "up",
                        "north",
                        "south",
                        "west",
                        "east"
                    ]
                }
            },
            "required": [
                "bone"
            ]
        }
    },
    "title": "Block Culling",
    "type": "object",
    "properties": {
        "description": {
            "$ref": "#/definitions/4018363348"
        },
        "rules": {
            "type": "array",
            "items": {
                "$ref": "#/definitions/2265541796"
            }
        }
    },
    "required": [
        "description",
        "rules"
    ]
}